F1,F2,F3,F4,F5,Ex1,Ex2,Ex3,Avg
3,10,10,0.75,0.1,0.0007349352702373801,0.000510123706926574,0.0008424056485160092,0.0006958215418933211
3,40,170,0.65,0.1,0.00017825054269160479,0.00024665120514910654,0.00034368530910716677,0.0002561956856492927
3,130,180,0.5,0.2,0.0001479341770896092,8.932753798929216e-05,0.00012204998759030028,0.00011977056755640055
3,70,50,0.5,0.3,0.00017920857091033304,0.00019053916512090652,0.00015969533922663426,0.00017648102508595795
3,160,150,0.75,0.45,0.00011729110031744039,7.512876165866045e-05,7.28774656680864e-05,8.843244254806241e-05
3,50,100,0.7,0.25,0.0003510475889150766,0.0001315807238046196,0.00024405868174390277,0.000242228998154533
3,190,20,0.2,0.25,0.00014092374720547918,0.00010110189403619851,8.456426398426031e-05,0.00010886330174197933
3,60,190,0.8,0.3,0.00019997790341350075,0.0002961112730359705,0.000162147632093379,0.00021941226951428341
3,190,180,0.1,0.2,0.00012015452863645137,7.738128207959716e-05,4.708533570232931e-05,8.154038213945929e-05
3,100,190,0.65,0.45,0.00016241910399644732,0.00012006416133478193,0.00013607579919666657,0.00013951968817596527
3,100,10,0.65,0.35,0.00011988367920201526,0.0001643971285062995,0.00017850544943756597,0.00015426208571529357
3,20,80,0.3,0.2,0.00040021129944384226,0.00038203139098763605,0.0003483223656740031,0.00037685501870182714
3,30,30,0.35,0.5,0.00027787249817495807,0.00040341140819696863,0.0003768257020649868,0.0003527032028123045
3,140,20,0.6,0.1,9.608360685808837e-05,0.00010594954212722607,0.00014308311634911308,0.00011503875511147584
3,180,120,0.4,0.4,0.00010092408391260133,7.530506341110743e-05,0.00011719630047540841,9.780848259970572e-05
4,90,150,0.4,0.35,0.00042762312354313603,0.00045064968504607283,0.00047154608551458477,0.0004499396313679312
4,30,30,0.6,0.35,0.0008627749478924279,0.0007055797956470877,0.0009718915148856366,0.0008467487528083841
4,20,40,0.8,0.15,0.001045384941776084,0.0010063621374184623,0.0008560794555466655,0.0009692755115804039
4,100,50,0.8,0.1,0.00044679479583709103,0.00036970916507081397,0.0004781473498986222,0.00043155043693550904
4,100,120,0.45,0.15,0.00046448884223646014,0.0004720526579248263,0.0003354810037292377,0.0004240075012968414
4,170,70,0.25,0.25,0.0003608868499729856,0.00030884327876139206,0.0002761968767847345,0.00031530900183970406
4,110,180,0.2,0.25,0.00044102430447137686,0.00041164412952902907,0.0003783382856649281,0.000410335573221778
4,170,120,0.65,0.1,0.0004325911437749741,0.00035602833382994414,0.0002470090638474476,0.0003452095138174553
4,100,140,0.7,0.25,0.00035251961132121146,0.00046173991971176775,0.00040343700148588735,0.0004058988441729555
4,10,160,0.65,0.5,0.001244981818014787,0.0019295674042211913,0.002294330844976142,0.00182296002240404
4,180,30,0.3,0.2,0.0004027735334025395,0.00041432589201734205,0.00031766355716852934,0.0003782543275294703
4,190,190,0.15,0.1,0.00024321418976011588,0.0003177442321694174,0.00026364489000439695,0.0002748677706446434
4,130,170,0.6,0.35,0.0004928961722619196,0.0003328925029331131,0.00041188634203406793,0.0004125583390763669
4,130,40,0.4,0.3,0.0003614307242144066,0.00045876307608812283,0.00034968687352626704,0.00038996022460959884
4,40,90,0.25,0.45,0.000675321000532178,0.0007951734856236903,0.0006332363923028661,0.0007012436261529115
4,10,190,0.25,0.4,0.0030306317433584223,0.001390270155987472,0.0014787666833276092,0.001966556194224501
4,60,100,0.3,0.3,0.0006786362849198202,0.0003904563780269543,0.000432527432524199,0.0005005400318236578
4,40,130,0.25,0.25,0.0006953796127456141,0.0007053852529008142,0.0006592944526273015,0.0006866864394245766
4,10,60,0.7,0.15,0.0023277245841031163,0.002217778907021517,0.0027863949173153185,0.0024439661361466505
4,180,110,0.5,0.3,0.000366712109817105,0.00026120725839114123,0.0003497229252235612,0.00032588076447726916
4,10,100,0.85,0.35,0.0025023983400407346,0.0014197667793328095,0.003651465033621737,0.00252454338433176
4,110,40,0.2,0.25,0.0004875898524346056,0.0004077318400512453,0.0004227126854122465,0.00043934479263269915
4,130,90,0.2,0.1,0.0003987765555566736,0.0003890578993349103,0.0004132088224008401,0.00040034775909747466
4,50,80,0.85,0.15,0.0005311150862754299,0.0006618487851694083,0.0006135477541810708,0.0006021705418753029
4,90,30,0.15,0.4,0.0005412434173138608,0.0003107699590741142,0.0005113718214985741,0.0004544617326288497
4,100,50,0.3,0.3,0.00041868751283284655,0.00046882709290572977,0.00039703765575586913,0.00042818408716481515
4,70,180,0.2,0.1,0.0005807201499556935,0.000530449714643097,0.0005192283282181298,0.0005434660642723068
4,130,70,0.3,0.35,0.00033664561973906215,0.00037460938631249385,0.00037551213977329856,0.00036225571527495154
4,140,90,0.1,0.5,0.0003143657312478787,0.0004839224487848959,0.000393432948634323,0.00039724037622236585
4,30,170,0.15,0.15,0.000860841244692323,0.0007286769105010055,0.0007993820785597572,0.0007963000779176952
4,180,20,0.9,0.3,0.00038717869420967777,0.0003840434499333828,0.00038678673696476706,0.0003860029603692759
4,90,50,0.65,0.35,0.0004942105856593215,0.00040300891243316705,0.0004008883506211175,0.0004327026162378687
4,20,110,0.8,0.25,0.0010219314309313776,0.0007054146000239764,0.0007919527552163325,0.0008397662620572288
4,70,140,0.9,0.3,0.00042606119467397674,0.0005780773725040239,0.0004901969327172073,0.0004981118332984027
4,30,180,0.2,0.3,0.0007238465530781946,0.000574586253534487,0.0009957804816861093,0.0007647377627662636
4,170,30,0.1,0.1,0.0003936234123081972,0.00030347275029306287,0.0003802226395390462,0.0003591062673801021
4,130,120,0.45,0.35,0.00039456442056023944,0.00040282720343712275,0.0004102127913039877,0.00040253480510045
4,90,20,0.15,0.5,0.0005308563552579582,0.00048007115595322114,0.0005373354774236422,0.0005160876628782738
4,150,140,0.8,0.1,0.0003893596763818591,0.00042596422223040165,0.0003947094581914501,0.0004033444522679036
4,30,10,0.1,0.25,0.0007250850417822308,0.0008081916215129936,0.0009186529406078336,0.000817309867967686
4,190,160,0.85,0.3,0.0003149400325292706,0.00034146100343340757,0.0003414770997351435,0.00033262604523260725
4,10,130,0.1,0.1,0.0012651605664459054,0.004616223218238735,0.0022337802616349822,0.002705054682106541
4,90,160,0.55,0.1,0.0004506320133857433,0.0004074976950639575,0.0005295760616856604,0.0004625685900451204
4,190,20,0.25,0.1,0.0003515098503563546,0.00037977611546552437,0.00033693423240784004,0.00035607339940990634
4,10,10,0.9,0.25,0.0012266032272232885,0.0008862479736100881,0.0011667256264043524,0.0010931922757459096
4,50,90,0.35,0.5,0.0008284952639905085,0.0005671179967065842,0.0005368063645465049,0.0006441398750811992
4,50,10,0.75,0.3,0.000586094596834702,0.0005567093586449912,0.0004329661470293955,0.0005252567008363629
4,80,30,0.65,0.45,0.0005843861660916883,0.0004907297093406926,0.0005648928037429168,0.0005466695597250992
4,150,40,0.7,0.2,0.00041578106410018745,0.0003645225895353571,0.00033587966311528217,0.0003720611055836089
4,110,100,0.8,0.25,0.0003997324553945969,0.0004276086704534665,0.0003630112639867872,0.0003967841299449502
4,140,110,0.1,0.4,0.00039254464773859354,0.00031624059070604893,0.00040529821779054787,0.00037136115207839676
4,10,80,0.25,0.3,0.0018432597836450931,0.0017038345358824508,0.001137306799752144,0.001561467039759896
4,170,190,0.1,0.25,0.00043805891785854423,0.0003060572739352341,0.0003595858872149499,0.0003679006930029094
4,170,60,0.6,0.4,0.0003284856646595946,0.0003219577132417689,0.0003638167278992299,0.00033808670193353113
4,10,80,0.4,0.4,0.0013931748238087682,0.0033195787703046847,0.0011159952917275395,0.0019429162952803308
4,110,10,0.4,0.25,0.0005660512626591285,0.0003921417625760565,0.0003744026177886911,0.00044419854767462536
4,40,20,0.5,0.1,0.0006384429999070768,0.0006899330455153591,0.00045678501203259836,0.0005950536858183447
4,160,170,0.3,0.3,0.00033969914646694854,0.00030338745060262684,0.0003681506264103934,0.0003370790744933229
4,70,190,0.55,0.5,0.0006092092029455348,0.00043695209270226687,0.0004829212484064732,0.000509694181351425
4,30,150,0.85,0.5,0.0009057735089528784,0.0008375122890372649,0.0007983515271544062,0.0008472124417148499
4,130,130,0.75,0.4,0.00027370821452234184,0.0003831671182851909,0.0004471904666543819,0.0003680219331539715
4,160,170,0.25,0.1,0.0003248934692753336,0.00038337521498420235,0.0003674485740130379,0.00035857241942419127
4,90,20,0.4,0.5,0.000337153988992242,0.00045145536737810354,0.00039308874933570437,0.0003938993685686833
4,20,140,0.45,0.1,0.0017005949032774387,0.0007410638427194638,0.0008671658241754393,0.0011029415233907807
4,30,190,0.9,0.3,0.0005352592774577614,0.0006691624141931668,0.0007624248441968212,0.0006556155119492498
4,40,10,0.45,0.35,0.0006059643269753917,0.0006361835961064127,0.0003878446671414515,0.0005433308634077519
4,60,20,0.1,0.5,0.0005671045501641492,0.0005033476497759148,0.0004857244690341378,0.0005187255563247339
4,160,90,0.15,0.2,0.00039097231360721296,0.0004510361996478418,0.000397959855132482,0.0004133227894625123
4,40,180,0.6,0.1,0.0006241157632414784,0.0007819038525487682,0.00061216947318328,0.0006727296963245089
4,50,40,0.4,0.35,0.0006303770266856967,0.0007407205205841455,0.0007573039719219465,0.0007094671730639296
4,180,130,0.2,0.15,0.0003936011260013139,0.0003161326504882156,0.0003947763136213922,0.0003681700300369739
4,170,110,0.4,0.25,0.00040942238121637053,0.0003695826924099421,0.00029541487209731876,0.00035813998190787716
4,100,30,0.5,0.45,0.0004954511806968404,0.00039600176847191804,0.0004736723441461227,0.0004550417644382937
4,30,20,0.85,0.45,0.000686636631794954,0.0007014621021832201,0.0005355289293289406,0.0006412092211023716
4,90,120,0.45,0.15,0.0004726581186376838,0.00039506242566984817,0.0004456766606117518,0.00043779906830642795
4,40,10,0.65,0.25,0.0004417736926213972,0.0006946345695405809,0.00047250672940864213,0.0005363049971902067
4,80,40,0.4,0.5,0.00040154557682078873,0.00045712718315944756,0.0006211768942695206,0.0004932832180832523
4,60,150,0.35,0.3,0.0005414426764055458,0.0007743902836055278,0.0006050033336240379,0.0006402787645450372
4,70,160,0.7,0.25,0.0005003215787301452,0.0004734889938150244,0.000585388002631318,0.0005197328583921625
4,170,10,0.4,0.15,0.00034184032455059077,0.0004069962550070777,0.00029746388270422697,0.00034876682075396515
4,160,70,0.75,0.3,0.0003839345515072451,0.0003682218574363322,0.0003335441951588386,0.000361900201367472
4,80,190,0.3,0.2,0.0005946616476941585,0.0004836407274536325,0.0004935521807343801,0.0005239515186273904
4,70,90,0.35,0.1,0.0005607159821805763,0.000475812158998265,0.0003608819832477267,0.000465803374808856
4,50,160,0.75,0.4,0.0005902821094107835,0.0004060900823414787,0.0006152467644066212,0.0005372063187196278
4,180,110,0.9,0.25,0.00034328185046099413,0.00039027917431788683,0.0003141514349176838,0.0003492374865655216
4,60,160,0.8,0.5,0.0005764888786912725,0.0005905017652404893,0.0005330831079295301,0.0005666912506204306
4,50,70,0.9,0.4,0.0005269528016215441,0.0005556761707737057,0.0005315833951334697,0.0005380707891762398
4,40,140,0.9,0.2,0.0005506761388019282,0.0006357830688231703,0.0006230848801058175,0.000603181362576972
4,90,120,0.5,0.4,0.00039976709043886005,0.00045974277206894953,0.0005070187859593095,0.0004555095494890397
4,90,50,0.15,0.3,0.000523930024402805,0.0007137789205661077,0.0005802236360849811,0.0006059775270179646
4,80,50,0.85,0.1,0.0005158633782198635,0.0004163684663502226,0.0004974034062047578,0.0004765450835916146
4,50,20,0.7,0.4,0.0005027112523929428,0.0006804065157615391,0.0007020228272508339,0.0006283801984684386
4,140,170,0.35,0.3,0.0003636908397597338,0.00045255607387301167,0.0003960680017909557,0.0004041049718079004
4,90,140,0.45,0.3,0.0004999427186500593,0.00045408678469344155,0.0004027235224445813,0.0004522510085960274
4,90,60,0.25,0.1,0.00047652039829657045,0.00045615005171151246,0.0004913671144062826,0.0004746791881381218
4,190,40,0.55,0.15,0.0002961690027091096,0.0003759638219430067,0.000397618448362308,0.00035658375767147477
4,10,150,0.4,0.25,0.0022429542474459024,0.0011176174547940787,0.002025925714542895,0.0017954991389276254
4,150,30,0.3,0.4,0.00035989101589010974,0.00034916711004936984,0.0004848142990339227,0.0003979574749911341
4,60,170,0.65,0.4,0.0005976148719435692,0.000542873836869795,0.0007381297213757826,0.0006262061433963823
4,100,180,0.35,0.35,0.0004203618922386937,0.00033984377115829634,0.0005361250195418804,0.00043211022764629015
4,20,150,0.8,0.4,0.0010171692740408855,0.0010940387358272102,0.0007744758558198284,0.0009618946218959747
4,20,10,0.45,0.3,0.0007527313160713145,0.0008876338023589836,0.0012980828386031928,0.000979482652344497
4,70,180,0.1,0.1,0.0005441575937141785,0.00047376126800464935,0.0005382122492807451,0.000518710370333191
4,100,20,0.15,0.5,0.00044289304515127137,0.00037669715527258174,0.00043241642195193664,0.0004173355407919299
4,170,160,0.8,0.45,0.0003927906246373458,0.0003971387639481183,0.0004598016014328715,0.00041657699667277853
4,180,190,0.7,0.1,0.0003359838881072663,0.000353003135327809,0.00034522961084891557,0.00034473887809466364
4,160,150,0.8,0.4,0.0003385335691503538,0.00036029753580447965,0.0003147474010887774,0.00033785950201453696
4,80,120,0.9,0.35,0.0005665943696609027,0.00048070534339716975,0.000408958432126294,0.00048541938172812216
4,50,170,0.9,0.3,0.0006233170013950351,0.0006526797363143599,0.0006362257101695384,0.0006374074826263112
4,90,90,0.25,0.4,0.0003803575565251849,0.0005149489450760186,0.00046501728642574236,0.0004534412626756486
4,110,150,0.2,0.1,0.00042006909003076964,0.0005089402899472045,0.0004541456988356729,0.00046105169293788234
4,60,110,0.15,0.15,0.000389204873438867,0.0005776581344482806,0.0005238003903131755,0.0004968877994001077
4,120,70,0.75,0.5,0.0003432927514111228,0.0003712241443590836,0.00037135004367394586,0.00036195564648138406
4,140,20,0.9,0.25,0.00047497837839757806,0.0004023560416471089,0.00039284265562283815,0.00042339235855584173
4,80,120,0.85,0.3,0.0006106682223739057,0.00038848635835420087,0.0004110640815272043,0.00047007288741843695
4,150,60,0.9,0.15,0.0004006911944356012,0.00034400356770254714,0.00038463265948154857,0.0003764424738732323
4,140,80,0.6,0.4,0.0004156707338941745,0.00044729042675809016,0.0003811053659790037,0.0004146888422104228
4,160,130,0.9,0.4,0.00030939210784503013,0.0004149937787251423,0.0003195421815560817,0.0003479760227087514
4,170,180,0.9,0.5,0.0004052449103419953,0.0003048927610598967,0.0003054697082890412,0.0003385357932303111
4,120,70,0.55,0.15,0.00042885851076110426,0.000344822094744901,0.00033279128844537764,0.00036882396465046097
4,190,180,0.65,0.45,0.0003114177332009527,0.0003471981645277594,0.00034856176452026377,0.0003357258874163253
4,30,40,0.9,0.15,0.0007811145822649301,0.000796591018301776,0.0008097668705158989,0.0007958241570275351
4,10,60,0.1,0.2,0.0014418256597441004,0.0013564138371782442,0.0021309526037238125,0.001643064033548719
4,100,30,0.45,0.3,0.00034557748114674713,0.000309160834348704,0.0003761329254099166,0.00034362374696845593
4,180,10,0.75,0.25,0.0003327098361453201,0.00031444919913356517,0.00034729447251798107,0.00033148450259895545
4,180,120,0.1,0.15,0.0003009556400851432,0.0004635950426359753,0.00031756063103169363,0.0003607037712509374
4,30,70,0.9,0.35,0.0006402991663380236,0.0007071080540537733,0.0009186941416608335,0.0007553671206842102
4,120,80,0.8,0.35,0.0004335441756740527,0.0004674863949904462,0.0004094360971933775,0.0004368222226192921
4,120,20,0.45,0.2,0.0004299011661458574,0.00043272643957657786,0.0003541043944745442,0.00040557733339899316
4,30,180,0.8,0.15,0.0006687761954257965,0.0008034631256754188,0.0008532363866702586,0.000775158569257158
4,50,60,0.65,0.15,0.0006021509332251318,0.0007806422297977067,0.0007664755643149307,0.0007164229091125898
4,40,30,0.15,0.4,0.0007978107560935171,0.0006618431365528199,0.0006804129899270206,0.0007133556275244526
4,100,30,0.4,0.3,0.0004593465932862806,0.0004430409637339733,0.00046983208387743614,0.00045740654696589667
4,110,170,0.1,0.35,0.00037722094577723186,0.00035159553795315046,0.0004799816847841365,0.00040293272283817294
4,150,90,0.15,0.35,0.0003389126878595716,0.0004002942960012884,0.0003033987383314063,0.0003475352407307554
4,100,110,0.7,0.1,0.000442521947036173,0.00041711641537717226,0.0004348989569038786,0.00043151243977240794
4,190,30,0.9,0.3,0.00034061467481029395,0.0003030589500924441,0.0003632671409739552,0.0003356469219588977
4,180,90,0.85,0.1,0.0002758470511583233,0.0003613978755588332,0.00030464137185798323,0.00031396209952504656
4,10,90,0.2,0.2,0.0014359635635259882,0.0012984108833098973,0.0017497464928144663,0.0014947069798834506
4,20,110,0.1,0.35,0.0011966883810189538,0.0011176444189102963,0.0017259022938650448,0.001346745031264765
4,30,90,0.35,0.35,0.0009298665074806006,0.0006081811534346948,0.0007918227733595823,0.0007766234780916259
4,120,60,0.4,0.1,0.0004264697887726432,0.000417381463844263,0.0004809677178397448,0.00044160632348555034
4,70,70,0.85,0.2,0.0005853157627626615,0.0003926822411791653,0.0006401729762813696,0.0005393903267410655
4,50,110,0.55,0.35,0.000776558120039933,0.0005718866106034504,0.000566741179062441,0.0006383953032352748
4,20,170,0.75,0.1,0.0014814737611708595,0.0008616919300260262,0.0007703116421187567,0.0010378257777718808
4,20,60,0.3,0.1,0.001065719609581961,0.0017372986085528036,0.0009623613348536258,0.0012551265176627968
4,60,70,0.3,0.35,0.00051646642043085,0.000669765523466398,0.0005431602041570116,0.0005764640493514198
4,60,190,0.3,0.25,0.0005934170429290203,0.0006117547206854895,0.0005556988080825387,0.0005869568572323495
4,80,60,0.75,0.5,0.0004812819868394713,0.0005252569222302661,0.0005410709939135117,0.0005158699676610831
4,110,190,0.3,0.45,0.00046300946288579947,0.0004535285805114808,0.00036905143159127185,0.00042852982499618403
4,170,180,0.85,0.5,0.0003381253436409021,0.0003166045355434549,0.0004079188031353015,0.0003542162274398862
4,70,70,0.45,0.5,0.0004954080125125215,0.0005667751300336976,0.0005669018146457205,0.0005430283190639799
4,190,80,0.55,0.2,0.0003246024360123445,0.0003191550900012441,0.0003633959688243704,0.000335717831612653
4,180,60,0.2,0.3,0.0003967221779207081,0.0003233777999923221,0.0003077586786451869,0.0003426195521860724
4,170,100,0.75,0.45,0.0002886946265639734,0.0002519293748691753,0.0003528613614080939,0.0002978284542804142
4,150,90,0.6,0.45,0.00035833626158368603,0.0004310070574708169,0.0002889126538210274,0.0003594186576251768
4,80,100,0.4,0.1,0.000617426366112811,0.0004738035449918243,0.0004761633223078904,0.0005224644111375085
4,110,130,0.8,0.4,0.00037943850273731983,0.00035632168153337807,0.0005319448030927931,0.00042256832912116366
4,130,70,0.25,0.2,0.00042880313580584417,0.0003027819865984577,0.0004523100425756488,0.00039463172165998356
4,10,30,0.6,0.4,0.0027836031655220222,0.0012376682317211674,0.0024716924318952394,0.0021643212763794765
5,80,140,0.75,0.15,0.0004654045452282419,0.0005177032381549346,0.0004106294034011207,0.0004645790622614324
5,150,50,0.7,0.3,0.000425964447522402,0.00037275732289514946,0.0003638009651113251,0.0003875075785096255
5,10,180,0.3,0.15,0.0016655562127038497,0.001748786981883731,0.002501554472245718,0.001971965888944433
5,60,50,0.15,0.25,0.0006078899626565052,0.0007709571913257461,0.0006225781762113532,0.0006671417767312015
5,170,130,0.75,0.45,0.00036535763688750646,0.000420784051162729,0.0003183550123330662,0.00036816556679443387
5,120,90,0.5,0.45,0.0003925876515396779,0.0005236100713768982,0.0003417093844645322,0.0004193023691270361
5,100,110,0.15,0.25,0.0004528878124666763,0.00044012220668133636,0.000373389286248766,0.0004221331017989262
5,100,150,0.1,0.5,0.000375771756823207,0.0003899498857286368,0.00045839765089606896,0.0004080397644826376
5,30,30,0.6,0.45,0.0007830887770292772,0.0007699625333351424,0.0007771147154591908,0.0007767220086078701
5,170,90,0.2,0.15,0.00037437611796738504,0.00039787879371430343,0.00033463967227885874,0.0003689648613201824
5,150,80,0.8,0.2,0.0004342989038433349,0.00044744911054573656,0.0003246009105204485,0.0004021163083031733
5,190,140,0.35,0.45,0.00035533752193368275,0.0003397557452793718,0.0003359922014409891,0.0003436951562180146
5,110,10,0.55,0.45,0.0005175381886940323,0.0004296706901213438,0.0004118291972890018,0.0004530126920347926
5,20,40,0.65,0.35,0.001088402727293214,0.0017465769679318038,0.0008810417154970149,0.001238673803574011
5,60,30,0.5,0.15,0.0006657305988146539,0.0005401754719113992,0.0005185422804883759,0.0005748161170714763
5,130,140,0.6,0.35,0.00031359875917372215,0.00040862360550530594,0.0003846811430921228,0.00036896783592371696
5,90,140,0.65,0.1,0.00046398230580352653,0.0005327219750021345,0.00041676304015254503,0.00047115577365273537
5,130,50,0.25,0.4,0.00039531472795004477,0.00036194975915493713,0.0004407414836310134,0.0003993353235786651
5,10,110,0.8,0.4,0.0012921648364012904,0.0015803738805402825,0.0033352861470438335,0.002069274954661802
5,110,50,0.1,0.45,0.00041491859345975553,0.0003638260650107236,0.0003679689680156934,0.00038223787549539087
5,30,150,0.35,0.15,0.0011930640738200306,0.0011879691906778317,0.0007932409049775241,0.0010580913898251287
5,170,70,0.55,0.45,0.0003506029935250454,0.00037931618307673366,0.0003715649863447971,0.0003671613876488587
5,130,60,0.9,0.2,0.00048291546923516157,0.000469763738362371,0.00044827670777694735,0.00046698530512482667
5,100,50,0.9,0.35,0.00038681587370452755,0.0005027758654311994,0.00045493167698398493,0.00044817447203990393
5,100,170,0.3,0.25,0.00046794545062553775,0.0004843511623665864,0.0004144342293014476,0.0004555769474311906
5,140,50,0.15,0.15,0.00046835872632154836,0.00042123732008633383,0.00043202877323221534,0.0004405416065466992
5,170,110,0.5,0.2,0.0003975742189753391,0.0004058026969686636,0.00038041388493939565,0.00039459693362779946
5,90,20,0.9,0.45,0.0004932285910176446,0.0003447010127616435,0.0005328491750798154,0.0004569262596197012
5,70,110,0.75,0.5,0.0004872405019060236,0.0005868042446472016,0.0005761748462699296,0.0005500731976077183
5,70,40,0.3,0.5,0.0004186146481793447,0.0004785037791543885,0.0005223108880834729,0.0004731431051390687
5,50,80,0.55,0.15,0.000614846858981527,0.0006293268539599942,0.0010232442009902275,0.0007558059713105829
5,160,30,0.25,0.35,0.0003799632535810161,0.0003434939437595881,0.000333676990659882,0.00035237806266682874
5,120,100,0.6,0.25,0.0003461116780490107,0.00037428851474326924,0.00032461936783195755,0.0003483398535414125
5,10,170,0.55,0.35,0.0035176211470097692,0.0026321737071575025,0.0013980968309176,0.0025159638950282906
5,130,120,0.75,0.15,0.0004515867806536029,0.00033779851971466046,0.00034553030882086486,0.00037830520306304273
5,140,60,0.75,0.35,0.0003768590519373227,0.0004735698880843856,0.0003721950278534475,0.0004075413226250519
5,60,60,0.9,0.2,0.0005462459644235852,0.0005165770578267094,0.0005568465682692543,0.0005398898635065163
5,120,170,0.45,0.45,0.0003704589823779556,0.00034769283867858505,0.0003712509515485466,0.0003631342575350291
5,140,140,0.5,0.3,0.00046288243026854775,0.000429629423219894,0.0004009448956233258,0.0004311522497039225
5,180,110,0.65,0.1,0.0003933237338365099,0.00030888186557974373,0.00043034455598681826,0.0003775167184676906
5,150,120,0.1,0.3,0.0003982137782276383,0.0004512889689203634,0.00037579988912521053,0.0004084342120910707
5,80,160,0.75,0.35,0.0005078375384438994,0.00040712654648504196,0.0005067189799813441,0.00047389435497009513
5,180,100,0.4,0.1,0.0003013788516871771,0.00031731642831952026,0.0004356208216321298,0.0003514387005462757
5,170,140,0.15,0.1,0.00043365872232959714,0.00041945713677384207,0.000437762046474624,0.00043029263519268776
5,110,10,0.75,0.1,0.0004521182399008592,0.0004488823186542014,0.00035571424307081524,0.00041890493387529193
5,90,20,0.65,0.2,0.0005652476063431611,0.0005222634350330324,0.0004259149908710999,0.0005044753440824312
5,90,160,0.55,0.5,0.00043119776324682113,0.00039983832270124205,0.0003833039979124972,0.0004047800279535201
5,140,120,0.25,0.2,0.00035252394688760694,0.00031317347737898696,0.0004895118431144929,0.0003850697557936956
5,50,180,0.25,0.35,0.00046754848197504313,0.0005798815576898396,0.0006458174155413096,0.0005644158184020641
5,120,160,0.9,0.2,0.0004457031575693521,0.0005061739875949559,0.0003491558175858986,0.0004336776542500688
5,70,130,0.5,0.2,0.00036258158777091425,0.000440532028873673,0.0006621616510232107,0.0004884250892225993
5,20,100,0.65,0.6,0.00082520350653301,0.0009988441052123428,0.0010050196814518995,0.0009430224310657508
5,20,100,0.6,0.5,0.0020460615714036883,0.001210816345139266,0.001165516926043192,0.001474131614195382
5,170,160,0.2,0.3,0.00034412648374565827,0.00034065236124214415,0.0003955984881488968,0.0003601257777122331
5,60,130,0.45,0.8,0.0004892728575489873,0.0003422011580170251,0.0007034015440473551,0.0005116251865377892
5,180,90,0.75,0.25,0.00038054703505048526,0.00032846613311966234,0.0003286839518345328,0.00034589904000156016
5,130,40,0.7,0.1,0.0004001401430993399,0.0003642438555651172,0.0004461483979621289,0.00040351079887552865
5,130,10,0.6,0.6,0.00031632273896419795,0.0002861488849807692,0.00041236708978275617,0.00033827957124257443
5,20,10,0.3,0.15,0.0025889851452721418,0.0018597717657285878,0.0010843578768744127,0.0018443715959583808
5,100,190,0.55,0.5,0.0004005177321735002,0.0005531415360823331,0.000514620071896274,0.0004894264467173691
5,80,120,0.1,0.85,0.0004279770658269181,0.000500946078753282,0.0004870484501933621,0.0004719905315911874
5,80,20,0.1,0.3,0.0006212037004233763,0.0004133708145216408,0.0005134434918593368,0.0005160060022681179
5,80,110,0.45,0.9,0.0006210443932164467,0.0004537783591025274,0.000385427970710275,0.0004867502410097497
5,160,60,0.8,0.15,0.0004276087608281378,0.00033975624461061137,0.000446475017106698,0.00040461334084848237
5,150,190,0.5,0.85,0.00036445889941658094,0.00038638338027739173,0.0003694398622716231,0.00037342738065519857
5,10,80,0.2,0.4,0.00147117343103049,0.0021437445381416436,0.0032364165825466435,0.002283778183906259
5,120,90,0.2,0.65,0.00041977322020507295,0.00046220546370556725,0.00037400639532652984,0.0004186616930790567
5,50,40,0.5,0.65,0.0005451232539614628,0.000481187442944845,0.000496145105079648,0.000507485267328652
5,60,170,0.65,0.8,0.0003720180571856937,0.00047867731091844924,0.0005057278702095529,0.0004521410794378986
5,150,150,0.25,0.1,0.00036843077434499903,0.0004521991831508334,0.0003935316165951091,0.0004047205246969805
5,90,130,0.35,0.9,0.0004110421159737084,0.0005741832509729653,0.0005428799349424442,0.0005093684339630393
5,60,150,0.7,0.1,0.0004857381571296421,0.0005953412726130598,0.0005576423431194692,0.000546240590954057
5,40,170,0.6,0.2,0.0007559115410031379,0.0006397990866581962,0.0007054913564688275,0.0007004006613767205
5,50,80,0.65,0.35,0.00043261764030803895,0.000536634331152341,0.0006567078015899622,0.0005419865910167807
5,190,180,0.4,0.8,0.00033907359409564297,0.00026251472605998485,0.00034230064271517473,0.0003146296542902675
5,190,30,0.55,0.75,0.0003314770809281064,0.0003447596577687683,0.00026861992377247637,0.000314952220823117
5,160,50,0.9,0.7,0.00036198877076696646,0.00035817276570192236,0.00037995402841649144,0.00036670518829512677
5,80,20,0.65,0.25,0.00047538888180792375,0.00037307503863693095,0.0005343411079063772,0.00046093500945041066
5,30,190,0.35,0.15,0.001079210268789918,0.000867513296651962,0.0014832370438973563,0.0011433202031130788
5,50,190,0.2,0.9,0.0005982790320025171,0.0005697800863857221,0.000695783502155262,0.0006212808735145004
5,80,170,0.2,0.75,0.0005063105040470639,0.00043430994975846883,0.0005023568781740931,0.00048099244399320865
5,10,10,0.3,0.15,0.0032389349390375844,0.002739334931650886,0.0026286186377175672,0.002868962836135346
5,40,110,0.35,0.15,0.0010802932572358589,0.0005514127368037025,0.000647378779998346,0.0007596949246793024
5,180,150,0.2,0.15,0.0004271426063235297,0.00038020996267752565,0.0003455034519737922,0.0003842853403249492
5,30,190,0.3,0.6,0.0006167019543084264,0.000730096856766985,0.0007543348496060788,0.00070037788689383
5,40,100,0.35,0.25,0.0005642755187893807,0.0007078835977924313,0.0005472414114033215,0.0006064668426617112
5,190,100,0.25,0.6,0.00039284467963471813,0.00032424843228753657,0.00040708910337213834,0.00037472740509813103
5,170,150,0.9,0.35,0.000408836229949883,0.00040422779114821297,0.0003904217302809435,0.0004011619171263465
5,110,110,0.9,0.15,0.00039107736270969744,0.0003814364466603916,0.00037177642647422647,0.00038143007861477185
5,120,160,0.9,0.1,0.00043628988181258765,0.0004246858460303371,0.0004396695885692022,0.0004335484388040423
5,80,80,0.25,0.8,0.00046568523413584653,0.000596413819843029,0.00045065720421772273,0.0005042520860655328
5,150,60,0.35,0.85,0.00035540035983939837,0.0003530873814911878,0.00038097379323485774,0.000363153844855148
5,110,80,0.15,0.35,0.00040896784102029647,0.0004910534639420323,0.00039599963530307335,0.0004320069800884674
5,110,70,0.25,0.2,0.0004836707413629071,0.0003903062798987396,0.000398966248442335,0.00042431442323466055
5,40,30,0.1,0.4,0.0006513386231635689,0.0006317089643904979,0.0005291060532122121,0.0006040512135887596
5,80,170,0.35,0.5,0.0005800962298735286,0.00031893936838241037,0.00044277509481499555,0.00044727023102364487
5,70,80,0.8,0.4,0.0004160528225109015,0.000603417592515771,0.0004879291787700246,0.0005024665312655657
5,110,170,0.6,0.5,0.0004937036642541897,0.00035558160949199745,0.0005882469872165817,0.00047917742032092293
5,70,60,0.7,0.35,0.0005908001027658989,0.0004540979739010489,0.0004924271725687268,0.0005124417497452249
5,20,80,0.85,0.3,0.0009992978025063354,0.0007354435965940403,0.0015143945262712268,0.001083045308457201
5,160,20,0.5,0.35,0.0003634115888398806,0.00031705746805971505,0.00032847908665051967,0.00033631604785003846
5,130,160,0.6,0.5,0.0004728563630948205,0.00047643844034434696,0.0003255508275074037,0.0004249485436488571
5,50,150,0.55,0.25,0.0009813350948072973,0.0006345194428803193,0.0006507998056261653,0.0007555514477712606
5,100,150,0.75,0.45,0.0005284965514117806,0.00037308733087276086,0.0005596907839492023,0.0004870915554112479
5,30,70,0.2,0.2,0.0008274382496551713,0.0006937060840904816,0.0009932639658265657,0.0008381360998574063
5,120,160,0.2,0.4,0.000412768357903286,0.0004336599583707416,0.00040960387451588823,0.0004186773969299719
5,140,110,0.85,0.35,0.00035289180413567746,0.00044170038795549905,0.00033781229977388263,0.0003774681639550197
5,100,80,0.6,0.45,0.000296416196102503,0.0004093723903017786,0.000483560078322157,0.00039644955490881285
5,80,140,0.4,0.1,0.0004669845543450249,0.0004749316606029348,0.000656471580247767,0.0005327959317319089
5,120,110,0.4,0.1,0.00047682280155998853,0.0004964031634388938,0.0004434999985415064,0.00047224198784679626
5,130,150,0.45,0.4,0.0004399758911588919,0.00040829607746750013,0.00042801303009961864,0.00042542833290867024
5,150,10,0.3,0.15,0.0003648816362903304,0.00033566707238378603,0.00039851984520119545,0.00036635618462510397
5,30,160,0.45,0.15,0.0006694073130098371,0.0013034833187774032,0.0013127280112347657,0.0010952062143406687
5,70,110,0.9,0.2,0.0004926843529513038,0.0006405712634588237,0.0004482981182661414,0.0005271845782254229
5,180,130,0.45,0.2,0.0004033060140222495,0.0003167785736349505,0.0002671334266249898,0.0003290726714273966
5,50,160,0.15,0.45,0.0005262744521278978,0.0006999135293949063,0.0006564729534045584,0.0006275536449757875
5,150,20,0.1,0.2,0.00046519100291368687,0.00038949304480255173,0.0003231191327105823,0.0003926010601422736
5,70,190,0.15,0.2,0.0005652936469623844,0.0005144036943844302,0.0006242944720766183,0.0005679972711411444
5,190,110,0.45,0.35,0.0003405591776163043,0.0002698503729380384,0.00035041281412156317,0.0003202741215586353
5,110,130,0.3,0.4,0.000422726256918967,0.0004349209209180971,0.0005473598305457371,0.00046833566946093375
5,100,90,0.9,0.2,0.0005153503353215409,0.00043037924124659024,0.0004877720252119012,0.00047783386726001076
5,150,150,0.2,0.2,0.0003913170752478448,0.00042388787820754094,0.00037192068516258593,0.0003957085462059906
5,30,130,0.55,0.45,0.000521114893050666,0.0014632597683494793,0.0009406295724651015,0.0009750014112884156
5,90,190,0.1,0.1,0.0005370858352190134,0.0004292192357308808,0.00045772380217556224,0.0004746762910418188
5,60,180,0.75,0.25,0.0006878939484350789,0.0006125885800021425,0.0005860342817346296,0.0006288389367239503
5,180,90,0.1,0.5,0.0003403383739334787,0.0003541831622872627,0.00028145577815765106,0.0003253257714594642
5,30,70,0.5,0.15,0.0010777776813496835,0.0011363484649582287,0.0005748393212122952,0.0009296551558400692
5,190,20,0.85,0.2,0.00036266406897677433,0.0003938348429997386,0.0003214092198927949,0.0003593027106231026
5,50,90,0.8,0.4,0.0006215139406246951,0.0006026295885156827,0.0005489039454691664,0.0005910158248698481
5,110,80,0.65,0.4,0.000436236838729398,0.0004890776571172002,0.0005022151376350599,0.0004758432111605527
5,160,180,0.6,0.45,0.00031802125724257613,0.00037096355350802954,0.00032509099311117673,0.0003380252679539275
5,20,170,0.2,0.15,0.0007991663358076148,0.0017671671557145802,0.0016181033081196505,0.001394812266547282
5,70,150,0.9,0.25,0.0003535805148150925,0.0005186669916117416,0.00047458878439264954,0.0004489454302731612
5,60,50,0.6,0.1,0.0005077990658641507,0.0005219428157309611,0.0006902570264924156,0.0005733329693625092
5,80,20,0.3,0.5,0.0003971155618961997,0.0004156136716953994,0.0003789973095477562,0.00039724218104645177
5,110,160,0.15,0.15,0.000525366964252337,0.00041087565754980605,0.0004800172288113389,0.0004720866168711607
5,170,40,0.9,0.2,0.00042701604137254136,0.000440176789501992,0.00034923304480905665,0.00040547529189453
5,130,10,0.7,0.25,0.00044983863932647125,0.00034210161062028267,0.0004514430360333527,0.0004144610953267022
5,10,90,0.6,0.1,0.0022234457302816764,0.003282160853277564,0.0018958883438131308,0.0024671649757907906
5,150,190,0.25,0.1,0.00042744652871962337,0.0004269324476914461,0.0003455977527630251,0.0003999922430580315
5,140,100,0.4,0.15,0.00044330852800150006,0.00031856652018835,0.0004231919832384818,0.00039502234380944394
5,190,60,0.9,0.5,0.0003503122879297896,0.0003183369708509645,0.00029140543988381146,0.00032001823288818854
5,60,170,0.75,0.35,0.0006393584581480503,0.000636356357147783,0.0006110414823929135,0.0006289187658962489
5,170,90,0.25,0.45,0.00032803541741311705,0.0003996548854447307,0.00034239712604056984,0.00035669580963280587
5,20,180,0.9,0.35,0.0007817167962142595,0.0008522747541881096,0.0013721088361381435,0.001002033462180171
5,40,190,0.55,0.15,0.0007924036337860173,0.0007293939111276699,0.0010547064124580632,0.0008588346524572502
5,40,190,0.55,0.4,0.0007864037825076921,0.0006167451000054728,0.0010559139523199333,0.0008196876116110327
5,20,20,0.55,0.5,0.001568269351656321,0.000921366694695747,0.0017644617922734796,0.0014180326128751825
5,130,40,0.85,0.25,0.0004367098706045437,0.00042247933360158724,0.00035761395534139075,0.00040560105318250723
5,190,160,0.7,0.45,0.0003289760228494844,0.0002818206483548476,0.00036827683974001435,0.00032635783698144877
5,100,110,0.6,0.4,0.0005195360779293723,0.00039645624781269387,0.0005967487776274358,0.0005042470344565007
5,70,130,0.75,0.4,0.0005886603035658109,0.0006038601630335323,0.00044327720086805196,0.0005452658891557984
5,170,170,0.7,0.15,0.0003212346264882069,0.00039998377759125833,0.00033397607308016317,0.0003517314923865428
5,10,90,0.6,0.2,0.0028323900327135235,0.0030033069321326704,0.0038502671646646943,0.0032286547098369627
5,190,40,0.15,0.45,0.0003903184602533881,0.00036595586400155547,0.0003614633731547374,0.00037257923246989365
5,150,60,0.55,0.25,0.00040397775789190876,0.00032395743276565116,0.0003859285300958793,0.0003712879069178131
5,130,160,0.55,0.35,0.00044826173588568066,0.00042741214084087223,0.00035971661508206465,0.00041179683060287253
5,110,10,0.55,0.2,0.0004562108221010351,0.00040753748810237224,0.00042580860273615413,0.00042985230431318716
5,30,160,0.35,0.5,0.0007820953829975677,0.0007938613063484569,0.0006046139788397371,0.0007268568893952539
5,80,190,0.9,0.35,0.0005219581866109674,0.0005265689967333988,0.0004714987218901699,0.0005066753017448454
5,170,30,0.3,0.45,0.00035313971879118514,0.00031721204541841977,0.0003845722213028178,0.0003516413285041409
5,10,180,0.3,0.4,0.0027522100462126706,0.0027953629723162926,0.002111137412891784,0.002552903477140249
5,80,70,0.1,0.2,0.0005250884167684131,0.0004727292208359605,0.0004615007635855907,0.0004864394670633214
5,20,50,0.15,0.35,0.0008185862853714414,0.0012476062262360803,0.0008639887946080855,0.0009767271020718691
5,30,130,0.75,0.15,0.0008165052058788803,0.0006876932199027137,0.0008577831241297733,0.0007873271833037891
5,70,140,0.2,0.35,0.0005236808500596081,0.0005636351944157368,0.0006033201362931964,0.0005635453935895138
5,10,80,0.15,0.5,0.002366321125692546,0.0019910020505705915,0.003968465751822857,0.0027752629760286647
5,170,120,0.25,0.35,0.00043022519247598763,0.0004190191408596118,0.0003684060741153093,0.0004058834691503029
5,190,180,0.1,0.1,0.00040455398518548374,0.0003699723270203393,0.00042118773354160935,0.00039857134858247746
5,110,190,0.8,0.4,0.0003927999422250923,0.00046213061206344316,0.0004663981205903153,0.0004404428916262836
5,20,110,0.85,0.35,0.0009276743776443497,0.0013990213854187337,0.001506791455250834,0.0012778290727713058
5,170,120,0.9,0.1,0.00033116811534736335,0.0004124414425939558,0.00033089556895385744,0.0003581683756317255
5,160,120,0.9,0.45,0.0003911501167801982,0.0003141694049889551,0.000337869212819749,0.00034772957819630075
5,10,10,0.1,0.2,0.0013088261206618355,0.00339392108424808,0.0016089464458995777,0.0021038978836031646
5,40,190,0.1,0.5,0.0006366301098664224,0.0007131899052194267,0.0004933777483849058,0.0006143992544902516
5,130,20,0.3,0.4,0.0003422266241017956,0.0004189129004155308,0.00043290339699251015,0.0003980143071699455
5,110,110,0.65,0.2,0.00042981642547691885,0.00041188012896532095,0.00041416649272355346,0.00041862101572193107
5,120,20,0.35,0.35,0.0004522376754563656,0.0004117975268620542,0.00035822313562056986,0.0004074194459796632
5,30,170,0.5,0.45,0.0009742924765830628,0.0007038710733505184,0.0007693271161083263,0.0008158302220139692
5,160,110,0.1,0.4,0.0003217300430443208,0.0003548685982982906,0.00033032415282903405,0.0003356409313905485
5,140,160,0.45,0.25,0.0003919638702018259,0.0003430306560313068,0.0005317017027483238,0.00042223207632715215
5,40,40,0.3,0.4,0.0006922918882173376,0.0004946989701224425,0.000593896041821489,0.000593628966720423
5,130,70,0.55,0.35,0.0004611684667390377,0.00037161797638063376,0.0003867689725034311,0.0004065184718743675
5,70,120,0.75,0.5,0.0005452839955641942,0.0005516313177080373,0.0004852932852327761,0.0005274028661683359
5,110,180,0.45,0.35,0.000382233185151043,0.00038850669856997644,0.00038400950708228354,0.000384916463601101
5,110,70,0.5,0.45,0.0004500710973814291,0.00046547583472946255,0.0004169552417756482,0.0004441673912955133
5,190,150,0.85,0.35,0.0003186012962523854,0.0002797084305021461,0.00030149155797733543,0.000299933761577289
5,160,120,0.65,0.15,0.0003922102407626499,0.0003668253687284864,0.0003972830974800952,0.0003854395689904105
5,100,60,0.8,0.4,0.0004194300426962859,0.0004746922093243691,0.00043189444584826667,0.00044200556595630724
5,80,140,0.25,0.35,0.00043881780714615654,0.0005920794098328939,0.00042102157792041003,0.0004839729316331535
5,50,100,0.8,0.15,0.0010221408495225855,0.0006444471898669549,0.000564063662535183,0.0007435505673082411
5,20,60,0.85,0.15,0.0010179642936993596,0.0012654229998690404,0.0015854594989435401,0.0012896155975039801
5,180,10,0.9,0.35,0.0002916513123930667,0.00032081585144415684,0.00038387309719919993,0.0003321134203454745
5,80,190,0.45,0.5,0.00037687010686316205,0.0004585916704482138,0.0005026335973503677,0.00044603179155391454
5,100,180,0.1,0.5,0.00046633140591310906,0.00050357042773716,0.0004979393656344647,0.0004892803997615779
5,190,150,0.25,0.4,0.00035334158883153395,0.0004231209663477127,0.00028432189921366244,0.0003535948181309697
5,90,20,0.35,0.25,0.0005816701726395028,0.0004696459824569052,0.0005226263929122184,0.0005246475160028755
5,120,100,0.55,0.3,0.0003577544021174401,0.00039278948838853897,0.00042466627376319156,0.0003917367214230569
5,140,50,0.65,0.15,0.00036817212202642537,0.0004543397003614908,0.00036710876914943305,0.0003965401971791164
5,80,190,0.75,0.3,0.0005008869419477271,0.00039054630241313823,0.000539748180450975,0.0004770604749372801
5,150,50,0.55,0.3,0.0003852438568564768,0.0004189231969613256,0.0004065167687766786,0.0004035612741981603
5,130,120,0.15,0.5,0.00038183715551873276,0.00041316086249542847,0.00036247417877299445,0.0003858240655957186
5,40,160,0.4,0.4,0.0007066749323928843,0.000796918593968932,0.0005981226842533306,0.0007005720702050489
5,170,190,0.3,0.15,0.0003081492145644814,0.00039549499276258365,0.00030615910744162013,0.00033660110492289504
5,120,160,0.65,0.15,0.00047953605077743523,0.0003976224026256015,0.00047693032499624734,0.0004513629261330947
5,190,10,0.45,0.45,0.00028864615367155295,0.00031172774584673976,0.00027892626337510697,0.0002931000542977999
5,140,70,0.85,0.45,0.00039570693926987976,0.00035376189214573334,0.0004512854613769636,0.0004002514309308589
5,160,50,0.5,0.1,0.0003853371991048172,0.0004359252696934865,0.00044391025664507373,0.00042172424181445914
5,170,80,0.9,0.4,0.000313174216821574,0.00032252393007751665,0.00033453718001581235,0.000323411775638301
5,60,170,0.25,0.35,0.0005881934386983492,0.0004141499074022635,0.0005103380173702848,0.0005042271211569659
6,40,30,0.4,0.4,0.009002526631672208,0.0069613557349471195,0.012828891883833425,0.009597591416817585
6,130,110,0.65,0.4,0.0036899781848814886,0.005397782186523353,0.006219585051816676,0.005102448474407172
6,80,180,0.85,0.1,0.0065901194196394675,0.008081728824203861,0.0054103435388025145,0.006694063927548614
6,120,150,0.7,0.25,0.004773280093533824,0.005249928138159429,0.004894998999451505,0.004972735743714919
6,150,30,0.2,0.3,0.003908437549043679,0.004546764496261693,0.004091678857542115,0.004182293634282496
6,170,50,0.2,0.2,0.004878096206497547,0.005443146552713461,0.007187325450624626,0.0058361894032785445
6,30,120,0.1,0.15,0.012703406071516498,0.012249630398799026,0.01145541175443605,0.012136149408250524
6,40,130,0.55,0.25,0.010342474908476312,0.011804994162612794,0.01211098070132919,0.011419483257472765
6,70,190,0.8,0.2,0.007786374638148144,0.007450492740296383,0.006921301082694446,0.007386056153712991
6,50,30,0.1,0.4,0.007989919797861664,0.008586227251991166,0.009403946206232704,0.008660031085361845
6,90,110,0.75,0.5,0.006674344859680572,0.004065329455377031,0.007479672899625131,0.006073115738227578
6,140,30,0.7,0.5,0.005273432176027808,0.004297608582814069,0.004234714260352886,0.0046019183397315875
6,100,130,0.75,0.45,0.006659165409982085,0.007584028554276041,0.005410474096033315,0.006551222686763814
6,180,40,0.4,0.35,0.004272844405778877,0.0039587043295997645,0.004543280405181954,0.004258276380186866
6,100,50,0.45,0.25,0.006373637164536618,0.006346578096617074,0.004730842306603221,0.0058170191892523045
6,20,80,0.35,0.35,0.017411191037288287,0.014821570372106761,0.01421581852566902,0.015482859978354689
6,110,160,0.8,0.45,0.006383223141635995,0.005900428154437691,0.007015577412953271,0.006433076236342319
6,30,160,0.9,0.15,0.01225925350025351,0.010880769923411603,0.014796131431672185,0.0126453849517791
6,160,120,0.4,0.25,0.004352218311634955,0.004797643159407235,0.004264121249779811,0.004471327573607333
6,10,80,0.3,0.3,0.01920532930310487,0.018382723148339417,0.01841721266690158,0.018668421706115292
6,60,100,0.25,0.5,0.006600079445678919,0.007492036747176592,0.008162158735245027,0.0074180916427001795
6,140,50,0.15,0.5,0.004641262005045305,0.006212763498303256,0.004212444911097558,0.005022156804815373
6,130,70,0.55,0.35,0.005838608634166378,0.0044018573592601515,0.00413001745762959,0.00479016115035204
6,140,40,0.65,0.25,0.0052954619734181495,0.003543183730400544,0.005630093809059038,0.004822913170959244
6,60,140,0.4,0.45,0.007077502977494106,0.006976242243739245,0.0067853595063204,0.006946368242517917
6,170,130,0.45,0.2,0.004344415561094335,0.004448824467656452,0.0045624191594661155,0.004451886396072301
6,40,20,0.35,0.15,0.009669641206452348,0.00887831075779992,0.009979610241956018,0.009509187402069429
6,110,30,0.25,0.15,0.005298680155436997,0.0050174183751358625,0.007045816641394694,0.005787305057322518
6,30,20,0.75,0.4,0.008855976112989977,0.008856155719756717,0.009974052165410884,0.00922872799938586
6,20,120,0.2,0.25,0.016240998445797693,0.012602026115278345,0.017250321574215802,0.015364448711763947
6,40,150,0.3,0.2,0.011475305530933483,0.011321562452421961,0.011437468917268878,0.01141144563354144
6,180,90,0.5,0.35,0.0042165135990221425,0.004469301166863983,0.004788433643981911,0.004491416136622679
6,140,20,0.45,0.5,0.005291071038826631,0.004559329520278127,0.005809386332750993,0.005219928963951917
6,50,140,0.9,0.5,0.006841420484956711,0.011878444052804436,0.009338891567070278,0.009352918701610475
6,130,70,0.8,0.1,0.00507261570673672,0.0049627396210586115,0.006787941279260863,0.005607765535685399
6,110,30,0.65,0.35,0.006329423099649775,0.005725664311044081,0.005218806474466618,0.005757964628386825
6,20,30,0.9,0.5,0.014730764352604377,0.010983963933283394,0.014451734051725198,0.013388820779204322
6,80,70,0.85,0.5,0.00729535112779333,0.007495237883625824,0.005430080559290375,0.00674022319023651
6,40,70,0.75,0.5,0.01021455378951152,0.007829512441057184,0.008615937527251063,0.008886667919273256
6,50,110,0.85,0.3,0.008856007596952802,0.008613154733736458,0.007647787085475172,0.008372316472054811
6,80,50,0.65,0.1,0.0068848596547895005,0.007299028776815646,0.00710542292870054,0.007096437120101895
6,100,140,0.55,0.5,0.006339856672788351,0.005029750892265525,0.006069403406659325,0.005813003657237734
6,70,10,0.9,0.35,0.0035610817978635675,0.007729656717078974,0.007119803046311796,0.006136847187084779
6,100,90,0.45,0.4,0.005571497951079578,0.007339529433451272,0.005587531736373982,0.006166186373634944
6,20,150,0.8,0.45,0.01270008450915959,0.017318480931031024,0.01381219918158045,0.014610254873923686
6,10,140,0.2,0.3,0.019345793095277137,0.02515138799763363,0.0197035832347383,0.02140025477588302
6,90,50,0.25,0.2,0.008030120881118635,0.007167156138416592,0.005557079369844117,0.006918118796459781
6,130,10,0.7,0.3,0.00502574036583708,0.008641362161080635,0.005925170859610036,0.00653075779550925
6,20,180,0.4,0.3,0.016935196029950948,0.016292283572597075,0.01523685208203613,0.01615477722819472
6,40,90,0.7,0.5,0.009268324785807039,0.013187634831373522,0.010138014533624933,0.010864658050268497
6,160,70,0.15,0.1,0.0043915513225789606,0.006118305559172674,0.005361126220104154,0.005290327700618596
6,60,50,0.85,0.25,0.007878455679222227,0.007862322186578556,0.01034416701463646,0.008694981626812414
6,160,150,0.15,0.1,0.005223659025660462,0.005061732877306265,0.005897925736542308,0.005394439213169678
6,110,20,0.2,0.45,0.005512518375197648,0.0069451271568787,0.004019685330983947,0.005492443621020099
6,150,100,0.3,0.7,0.0050926575084517915,0.005014851717406725,0.004459227527519625,0.0048555789177927135
6,20,180,0.15,0.35,0.013382304604556403,0.015494310243393258,0.012361265054314733,0.013745959967421464
6,30,140,0.5,0.9,0.010947179346830052,0.011751670888976093,0.009210122153586173,0.01063632412979744
6,150,10,0.7,0.8,0.005204259788670753,0.004395684550090127,0.004774624584400436,0.004791522974387105
6,10,170,0.3,0.9,0.0192764957029621,0.015390648275280309,0.019748270351070473,0.018138471443104293
6,70,20,0.55,0.7,0.008709792363595457,0.009579287713061387,0.006446516800661856,0.008245198959106232
6,190,100,0.7,0.65,0.003597265873603702,0.005264097083539872,0.004328012003309567,0.004396458320151047
6,180,170,0.75,0.55,0.006923608740710022,0.0049881607771905465,0.003766321705068517,0.005226030407656362
6,80,70,0.75,0.5,0.005656840433403282,0.007411188054154128,0.007291006375685607,0.006786344954414339
6,120,130,0.2,0.75,0.005993361473856158,0.00580215374104057,0.005620656308635275,0.005805390507844001
6,180,50,0.2,0.45,0.005220080673634615,0.004328962668207294,0.005326620716244752,0.004958554686028887
6,20,130,0.25,0.15,0.015121902759140368,0.015059871776860665,0.015617058360044778,0.01526627763201527
6,90,100,0.7,0.1,0.006200485650929663,0.004658330876547375,0.005787040223871189,0.005548618917116076
6,60,150,0.4,0.2,0.005218261683895914,0.005724231077434975,0.0057797828616008885,0.0055740918743105924
6,150,170,0.1,0.25,0.006242718161187218,0.00587627244313595,0.00324123334603248,0.005120074650118549
6,70,170,0.3,0.55,0.0053912839009505505,0.007146227401071879,0.0064452145964138535,0.006327575299478761
6,40,170,0.25,0.3,0.010750539655782244,0.008955060884892483,0.010260876278502931,0.009988825606392552
6,150,90,0.6,0.65,0.005547216346817742,0.003779072501795936,0.004827007508789085,0.004717765452467587
6,90,110,0.7,0.7,0.006432921524279801,0.006430197265749532,0.008206741270580922,0.007023286686870085
6,80,60,0.35,0.5,0.007629993701342878,0.00556044172832626,0.0075544388254856175,0.006914958085051585
6,10,40,0.4,0.55,0.022995567420948198,0.015307462567865752,0.02648397098699499,0.021595666991936314
6,80,20,0.15,0.25,0.005859665206419805,0.00685415612851064,0.005672213432749842,0.006128678255893429
6,160,170,0.45,0.5,0.006545135002487063,0.005656299823567638,0.004945861640219141,0.0057157654887579476
6,30,90,0.75,0.25,0.01210887583411719,0.00860668394211405,0.008430835618312659,0.009715465131514634
6,50,170,0.4,0.65,0.008738155737576622,0.008062945376611248,0.008464993275127088,0.008422031463104987
6,180,50,0.2,0.15,0.00427162739120002,0.005161047694930181,0.004650383055987643,0.004694352714039281
6,10,170,0.3,0.45,0.01808901039821836,0.01713379305734754,0.021213379167154645,0.018812060874240182
6,120,150,0.15,0.65,0.0060895727685321005,0.005570110278654804,0.006759923334576919,0.006139868793921275
6,140,170,0.1,0.45,0.006295737079663764,0.005997359017068979,0.006242736022050523,0.006178610706261089
6,180,120,0.45,0.75,0.0027826396782575473,0.004137880742132647,0.00463083604542636,0.0038504521552721847
6,110,110,0.15,0.55,0.006822087948864981,0.0056141919439255394,0.005807830465493203,0.006081370119427908
6,90,180,0.55,0.25,0.005731176201404457,0.006388865106974572,0.007815977018224774,0.006645339442201268
6,60,130,0.1,0.9,0.009667138671075992,0.0068853239329197645,0.00785967655907717,0.008137379721024308
6,100,60,0.2,0.9,0.007901190248357799,0.005807817422720046,0.004221175553945532,0.005976727741674459
6,100,170,0.45,0.8,0.006110778009767798,0.006238287583010042,0.007134418439458071,0.00649449467741197
6,120,20,0.2,0.75,0.004899873235044018,0.0037325673626082342,0.004705569398329806,0.0044460033319940195
6,80,40,0.7,0.7,0.007260124421528489,0.008048980910983286,0.006869145172608726,0.0073927501683735
6,60,30,0.75,0.15,0.0059914193416148245,0.008403628890015686,0.008929254967440983,0.007774767733023831
6,90,150,0.15,0.15,0.005773956411319451,0.005723556785271051,0.006273777780150331,0.005923763658913611
6,30,90,0.2,0.2,0.010819931559344426,0.014566957454332043,0.010273991217257857,0.011886960076978108
6,80,160,0.5,0.35,0.006607037107911537,0.0076718700195127915,0.005366474987159659,0.006548460704861329
6,50,60,0.25,0.25,0.006243702706812161,0.008201389843720989,0.00654928969081503,0.006998127413782727
6,50,20,0.75,0.45,0.00939781184733501,0.007441687509869278,0.009470755259154827,0.008770084872119705
6,120,10,0.1,0.4,0.0053157453006350795,0.005656197590511985,0.008124976551235702,0.0063656398141275885
6,90,130,0.9,0.6,0.007120130326807753,0.006810406056830205,0.0067204247655216,0.0068836537163865195
6,40,160,0.35,0.75,0.009723494577201914,0.009286501226925765,0.008946208301925159,0.009318734702017613
6,110,60,0.85,0.35,0.004636730699895356,0.006462581384861745,0.006600514680631955,0.005899942255129686
6,60,170,0.9,0.1,0.00721999558845586,0.00582009383517192,0.008277280939255689,0.007105790120961156
6,70,180,0.15,0.2,0.007572718483758362,0.006605767410188656,0.0072342680433119914,0.007137584645753003
6,130,150,0.4,0.25,0.006453217037778989,0.0028824787428615856,0.005598796951756652,0.004978164244132409
6,20,20,0.85,0.45,0.012067715391497594,0.016329716696595855,0.012555097506434007,0.013650843198175819
6,140,50,0.6,0.45,0.004524993639881632,0.0032398377319632285,0.006647626868094045,0.004804152746646302
6,150,170,0.55,0.35,0.0053907596248678365,0.00535298142061021,0.005963550197406273,0.00556909708096144
6,100,120,0.35,0.45,0.006189005730752588,0.005511103577789684,0.00706123661390861,0.006253781974150294
6,40,150,0.3,0.4,0.00828230483539518,0.01408786733158066,0.007637268991428331,0.010002480386134724
6,140,60,0.35,0.3,0.0051868157084758205,0.006345987858785186,0.005362062232494233,0.0056316219332517466
6,170,50,0.35,0.35,0.004566014546636327,0.004551313584141035,0.0027022943792530014,0.003939874170010121
6,100,60,0.4,0.5,0.005834908574513957,0.0052075788856832915,0.005790175486958527,0.005610887649051925
6,30,130,0.4,0.4,0.012904155451023965,0.011164339149527993,0.01351052587902117,0.012526340159857709
6,30,180,0.4,0.45,0.010406698640599291,0.01003918800216528,0.010096620540983637,0.010180835727916069
6,140,120,0.85,0.1,0.004581810586165351,0.00700039762504753,0.003406409440628772,0.004996205883947218
6,10,100,0.2,0.15,0.02301833610383514,0.022877249280142526,0.017155781701032494,0.021017122361670054
6,40,50,0.35,0.35,0.008381790220449124,0.009551414263233748,0.010536631279407863,0.009489945254363578
6,130,80,0.6,0.4,0.005360938034958327,0.0056790083106917945,0.005995519510774448,0.00567848861880819
6,70,190,0.25,0.45,0.009048290160555257,0.009151266737077533,0.00638679752449409,0.008195451474042293
6,60,180,0.8,0.15,0.008132006213546178,0.00802539987812027,0.006602126914754473,0.007586511002140307
6,110,190,0.55,0.4,0.006373438011847518,0.005580308923287973,0.004639300637531461,0.005531015857555651
6,110,60,0.2,0.15,0.005218609982825761,0.00556109551392623,0.005521767267264128,0.00543382425467204
6,190,100,0.4,0.1,0.005595827498026146,0.003536218879531504,0.0045813790325483425,0.004571141803368664
6,100,180,0.75,0.2,0.005393340999148271,0.004867454175222552,0.004101672825737288,0.00478748933336937
6,90,30,0.2,0.35,0.0060740814642196855,0.006559144376919391,0.005270848717763246,0.005968024852967441
6,170,140,0.3,0.5,0.004607083356951095,0.005084079131010475,0.004125119191446133,0.0046054272264692345
6,150,80,0.25,0.3,0.004762981263237768,0.004746081559453084,0.0039981450237351335,0.004502402615475329
6,170,20,0.35,0.25,0.004599827930320453,0.004498035844736608,0.004965823021237947,0.004687895598765003
6,190,170,0.15,0.25,0.004965516939103888,0.0040132704879730675,0.003421620140334064,0.004133469189137006
6,50,130,0.8,0.45,0.009616826358619459,0.008886388224002499,0.00971689426726988,0.009406702949963945
6,190,100,0.5,0.2,0.0046732719712658626,0.004058238090966365,0.0044489161172683415,0.004393475393166857
6,160,100,0.55,0.2,0.0037646123346848775,0.004052498369607884,0.003838728353516105,0.003885279685936289
6,60,10,0.9,0.1,0.010614515360918134,0.0085356399805552,0.008909045391914134,0.009353066911129157
6,110,150,0.6,0.4,0.007399855389221763,0.004384532888712052,0.005621620751727934,0.00580200300988725
6,110,140,0.3,0.35,0.006489918981629154,0.006780026044034743,0.00798065851363871,0.007083534513100869
6,140,40,0.25,0.3,0.004339226417431282,0.003641473620637093,0.006013815111587925,0.004664838383218767
6,120,50,0.65,0.2,0.0018982025725858588,0.005135914122217689,0.0036394729247038633,0.0035578632065024706
6,110,20,0.5,0.4,0.008030198997787494,0.006266688726931084,0.004928222814063028,0.0064083701795938685
6,170,150,0.3,0.2,0.00489315600084456,0.004983288178175119,0.006179771045118097,0.005352071741379259
6,20,180,0.15,0.1,0.00911168986191025,0.015809212753374827,0.014292513481652534,0.013071138698979204
6,60,190,0.55,0.35,0.010088194511576654,0.009502132901846996,0.009317125140403202,0.009635817517942284
6,50,100,0.3,0.15,0.008761065801486518,0.008106286918964527,0.00800305794493232,0.008290136888461122
6,60,130,0.1,0.25,0.009557040785266348,0.008802350765255339,0.008508242141427057,0.008955877897316248
6,120,130,0.5,0.15,0.0033352447596503715,0.00589402397029622,0.0048559807978484255,0.004695083175931672
6,140,10,0.2,0.35,0.00568932140052994,0.004166136242323405,0.00456423513481272,0.004806564259222022
6,40,190,0.8,0.15,0.009106660082539911,0.009344303264369986,0.010578155788110919,0.00967637304500694
6,20,70,0.7,0.1,0.01629651350852689,0.013291274713410874,0.015087713427780154,0.014891833883239306
6,50,100,0.9,0.5,0.00715628685682778,0.009669644337681964,0.00988257467147759,0.008902835288662444
6,140,20,0.8,0.35,0.005636042536370903,0.0040202987897318965,0.00628254566285865,0.0053129623296538165
6,150,110,0.9,0.4,0.004580566660423776,0.004196786601475728,0.003043494610856467,0.00394028262425199
6,190,60,0.75,0.15,0.0045116030834270945,0.0037582297830151615,0.0041387917445373165,0.004136208203659858
6,20,10,0.15,0.25,0.01629359264491573,0.017120370183555878,0.011874325662182324,0.01509609616355131
6,90,10,0.6,0.1,0.007588280108380835,0.0051094781496130795,0.007260544289949433,0.006652767515981116
6,140,150,0.15,0.25,0.005668624821266614,0.004587196785933046,0.005529253364702447,0.005261691657300702
6,160,40,0.25,0.3,0.004932381147723222,0.005278457642535549,0.005994138247604731,0.005401659012621168
6,190,110,0.3,0.3,0.004376042508957394,0.0050773648999496435,0.004770896832003563,0.0047414347469702
6,70,130,0.9,0.15,0.007343528516960029,0.005988270091810379,0.007958170676974817,0.007096656428581742
6,30,20,0.3,0.4,0.011375128760085208,0.012191746760546997,0.012164628331602395,0.0119105012840782
6,150,30,0.3,0.2,0.003468744927600676,0.004680876688211395,0.0037870233776150994,0.003978881664475724
6,160,20,0.25,0.45,0.004672441757909443,0.00373839889151395,0.00402928931798862,0.004146709989137337
6,190,130,0.65,0.2,0.0060526045552724665,0.003984578496037821,0.004205763311671024,0.004747648787660437
6,190,160,0.3,0.3,0.004799003728793751,0.004612293002455612,0.0037815632556227885,0.00439761999562405
6,140,160,0.4,0.45,0.003894911801760683,0.004730877951255392,0.005596862596358131,0.004740884116458069
6,150,190,0.35,0.1,0.004985945945072852,0.007439195540629925,0.0033929191669100356,0.005272686884204271
6,40,170,0.35,0.25,0.01019207991575137,0.010534019090262994,0.01113778131663631,0.010621293440883557
6,20,140,0.55,0.3,0.016634058004750724,0.01206189187201349,0.013614370362174694,0.014103440079646304
6,130,170,0.6,0.35,0.005913312820489274,0.005637894509393428,0.005693960918577573,0.005748389416153425
6,10,100,0.55,0.2,0.017239415989222417,0.022932748114693587,0.021625437410866578,0.02059920050492753
6,120,80,0.65,0.15,0.005707739711709278,0.005732321389972803,0.004216119626870577,0.005218726909517552
6,60,60,0.35,0.35,0.011519768278039869,0.00836069019810617,0.008579187212399777,0.009486548562848605
6,160,100,0.8,0.15,0.00407980267540637,0.004164736572749361,0.005083258922164973,0.004442599390106901
6,110,170,0.15,0.25,0.007153197067685822,0.006648584409710993,0.006189779795713848,0.006663853757703554
6,90,170,0.35,0.1,0.005569020624316908,0.006820822976143927,0.008024918036014413,0.006804920545491749
6,70,180,0.55,0.35,0.0075704056150866506,0.00660609408946362,0.006063845912469085,0.006746781872339785
6,30,100,0.85,0.35,0.010013432005213208,0.012132683647774586,0.00943346479589096,0.010526526816292917
6,90,130,0.65,0.25,0.005628155464501652,0.005647283220497651,0.006164630080444971,0.0058133562551480914
6,40,170,0.75,0.5,0.010660472647783758,0.008549821583612636,0.008953482737326927,0.009387925656241107
6,80,50,0.2,0.45,0.006851838119293185,0.0058321534171175,0.007501171297296286,0.006728387611235657
6,60,190,0.45,0.15,0.008790704268075024,0.009585033023630528,0.00757596275566556,0.008650566682457037
6,50,110,0.85,0.3,0.009061319532888884,0.010095021082183554,0.009556122754123285,0.00957082112306524
6,150,160,0.55,0.45,0.005683365360468498,0.004698796482396371,0.005595179763037972,0.005325780535300947
6,70,50,0.7,0.1,0.006374628181048933,0.006426735582761755,0.006589634729722526,0.006463666164511071
6,80,120,0.2,0.1,0.006736702366288823,0.007676376772780026,0.007771708511214639,0.007394929216761163
6,130,90,0.35,0.4,0.004335399563524852,0.004797198023263883,0.0056816479088508814,0.004938081831879872
6,130,40,0.7,0.3,0.005787247493730722,0.00469688387079055,0.003577381447572806,0.004687170937364693
6,60,40,0.35,0.4,0.00792714993721717,0.007994317303730548,0.009472871875891253,0.00846477970561299
6,120,100,0.45,0.25,0.004839859490177054,0.00546699752337465,0.005542105222614089,0.005282987412055264
6,110,50,0.55,0.15,0.006796410331851348,0.005002649819631055,0.0076454418141134114,0.006481500655198605
6,100,90,0.4,0.2,0.004913770450091257,0.006576620297476826,0.004643116964054502,0.005377835903874195
6,110,180,0.65,0.35,0.008283993392339425,0.0069406405169424,0.005869503689206905,0.007031379199496243
6,50,190,0.45,0.25,0.009160342489437853,0.010233125977599171,0.011257338054461004,0.010216935507166009
6,90,90,0.15,0.4,0.006062827492366928,0.006205999948511738,0.008235784156911046,0.006834870532596571
6,20,60,0.6,0.35,0.01753008879258446,0.010492924440032768,0.009555583792255691,0.012526199008290972
6,30,50,0.3,0.35,0.011401378603516709,0.011572223752401987,0.01139515353828207,0.01145625196473359
6,70,10,0.75,0.15,0.006411119026425799,0.007458970463032691,0.005799771165455502,0.006556620218304664
6,10,140,0.15,0.25,0.018059078501131438,0.017745430850723404,0.024227457939014655,0.020010655763623167
6,100,60,0.25,0.15,0.006262520821458853,0.006294834922619862,0.007716962692740935,0.00675810614560655
6,130,20,0.1,0.4,0.004844412574329878,0.004477398913327747,0.005382194303330538,0.004901335263662721
6,170,60,0.1,0.35,0.005473823888102518,0.004239247514587815,0.004540857753136306,0.0047513097186088794
6,130,150,0.35,0.2,0.006046016812633184,0.0042086572708480915,0.004255719699606898,0.004836797927696058
6,120,160,0.65,0.2,0.00495939396303199,0.00429984174609644,0.005189489017493304,0.0048162415755405785
6,10,160,0.25,0.1,0.013508907197423495,0.023568460310654803,0.020611736734781814,0.019229701414286704
6,180,140,0.75,0.3,0.0035973284873933725,0.004672596072075402,0.005172660018435759,0.004480861525968178
6,190,20,0.1,0.45,0.004754451136396158,0.00534426026802777,0.005434629841931465,0.005177780415451798
6,10,190,0.9,0.2,0.019300399958362687,0.019167692793947286,0.023191605280012437,0.020553232677440803
6,20,170,0.75,0.2,0.014115970038699157,0.014206975347606184,0.010870600792970204,0.01306451539309185
6,130,50,0.8,0.5,0.005588149444719935,0.0044680506192805725,0.004551499639366685,0.004869233234455731
6,120,20,0.65,0.25,0.0045867241927302176,0.0036740294806461675,0.004910203784204981,0.004390319152527122
6,60,10,0.25,0.3,0.008160771071080035,0.0059933614824936934,0.007460618653784293,0.00720491706911934
6,30,160,0.45,0.15,0.009894760981440442,0.010825252541624652,0.011561474858938922,0.010760496127334672
7,150,60,0.4,0.3,0.0023519181045439648,0.0011597886749905061,0.0018862499843661268,0.0017993189213001994
7,80,100,0.6,0.35,0.004017151996983293,0.004518658363456146,0.0025470111977404053,0.003694273852726615
7,90,100,0.85,0.3,0.0024299123872275714,0.002337141807775565,0.002367669859509694,0.0023782413515042768
7,120,120,0.85,0.4,0.0016138951077045163,0.0016750800121415727,0.0022502327437147708,0.0018464026211869532
7,100,70,0.7,0.45,0.0027687196240218205,0.0021354686176179205,0.00213451555241523,0.0023462345980183237
7,10,100,0.3,0.35,0.006715546862780664,0.009284691432525787,0.008693004807727852,0.00823108103434477
7,10,20,0.15,0.1,0.011621089750138027,0.016987514774161487,0.014783975412006871,0.014464193312102129
7,80,150,0.2,0.2,0.0030935513860627967,0.003180974197509149,0.0033957089754459383,0.003223411519672628
7,100,110,0.5,0.2,0.0025913200105727443,0.003019425631985307,0.0022160239434558357,0.0026089231953379624
7,150,170,0.5,0.15,0.0022246452473828836,0.0024170344298443665,0.001368538189814184,0.002003405955680478
7,160,20,0.5,0.25,0.001755732284236748,0.002334470762248089,0.0024505068619539647,0.002180236636146267
7,60,70,0.2,0.3,0.005076604794445262,0.004199187838442216,0.00381497734362067,0.004363589992169382
7,50,100,0.55,0.2,0.004628290968736124,0.00475904714094206,0.004403083571955843,0.004596807227211342
7,190,120,0.5,0.35,0.002341700665345408,0.00181539541397582,0.0020486879717146462,0.0020685946836786246
7,10,180,0.75,0.25,0.011492693824323028,0.011419993323524846,0.012797379327781373,0.011903355491876414
7,70,110,0.35,0.4,0.003564795794557802,0.0029327165111195062,0.004101613746718109,0.0035330420174651393
7,180,170,0.55,0.15,0.0019242900995336562,0.0014044043789745583,0.002216040714288802,0.001848245064265672
7,100,150,0.85,0.45,0.003224039645676323,0.002019875652660855,0.0033733469339707577,0.002872420744102645
7,130,70,0.55,0.35,0.0012650609554792067,0.002526238392398912,0.0017754231786486275,0.0018555741755089154
7,110,180,0.55,0.3,0.002018220502205861,0.0026176179788242287,0.0034139500438051646,0.0026832628416117513
7,140,180,0.6,0.4,0.002246866400966816,0.0022639239453617795,0.0022725665402111243,0.0022611189621799064
7,70,190,0.45,0.45,0.003469740474781587,0.00335069087325872,0.002995147246120292,0.0032718595313868666
7,130,160,0.65,0.45,0.0028413984250816125,0.0021144649776077525,0.0028946232015246696,0.002616828868071345
7,70,150,0.1,0.25,0.003802419721370353,0.0029841192307094025,0.0027285649612174296,0.003171701304432395
7,140,150,0.4,0.4,0.0016105070788294004,0.0019093510249405957,0.0020583491691818193,0.0018594024243172719
7,170,110,0.25,0.35,0.0017080404866577025,0.0017681749807822804,0.0014080005258466522,0.0016280719977622116
7,70,10,0.5,0.1,0.0033119491833187,0.003931095075818348,0.0033468421769326288,0.003529962145356559
7,120,190,0.55,0.45,0.0025435239240297223,0.002665790762224182,0.002865650499001771,0.0026916550617518916
7,170,180,0.7,0.45,0.0010195792987161135,0.002069911561344444,0.0019029719249610394,0.0016641542616738657
7,50,80,0.3,0.3,0.0037669351505524185,0.004539205269216258,0.0042688738144052085,0.004191671411391294
7,130,180,0.55,0.15,0.002886607500361994,0.0024314256236752205,0.002253510733632967,0.002523847952556727
7,150,30,0.6,0.1,0.0022280006402594205,0.0017766571435842407,0.0029111099490513226,0.002305255910964995
7,20,110,0.65,0.15,0.008514935499255178,0.008291300658276397,0.006862350389074532,0.007889528848868703
7,80,130,0.5,0.3,0.002700253813869565,0.002403025510039191,0.0030978516708746297,0.002733710331594462
7,160,30,0.8,0.45,0.0009715012657603542,0.0018440794377370421,0.0021837186788202035,0.0016664331274392
7,60,60,0.55,0.1,0.0039055931874690765,0.004655827383766538,0.002202437855368784,0.003587952808868133
7,170,50,0.7,0.35,0.0025809154282584075,0.0013067404956027835,0.0018745245062482358,0.0019207268100364756
7,90,120,0.1,0.45,0.0030432638034044003,0.0032715178484604554,0.00316671163189436,0.0031604977612530723
7,30,120,0.3,0.45,0.00792793336551272,0.004828651792371569,0.005384494178645622,0.0060470264455099705
7,40,10,0.1,0.2,0.0031219789184702695,0.003970620859355533,0.005106385362954106,0.0040663283802599695
7,150,50,0.55,0.35,0.0022040978340529017,0.0024131858219351523,0.0029897527366334973,0.002535678797540517
7,50,70,0.5,0.3,0.0038285195938441664,0.005246732752485164,0.0050642377285460664,0.004713163358291799
7,40,40,0.75,0.4,0.0041593155714831605,0.005948933211968532,0.0059358246667387616,0.005348024483396818
7,160,50,0.35,0.4,0.0013436732958679578,0.0014576808010145401,0.002503599254147941,0.0017683177836768128
7,20,20,0.8,0.4,0.006381540810620027,0.007470958969383234,0.006393682868543756,0.006748727549515672
7,80,120,0.3,0.25,0.002444996732835713,0.003723858298172696,0.004416671548519275,0.0035285088598425614
7,170,150,0.1,0.2,0.002340748394239042,0.0033717462743789867,0.001945698215577872,0.002552730961398634
7,190,80,0.7,0.4,0.0025364402651907704,0.0016704699469537588,0.0014831389915379212,0.00189668306789415
7,180,50,0.9,0.5,0.001847521159057505,0.0021163221639517306,0.0010681606738665072,0.0016773346656252476
7,170,110,0.4,0.35,0.0017447371183022193,0.0016555726830149507,0.0015583710942474699,0.00165289363185488
7,50,50,0.55,0.5,0.005801065902114107,0.004599438294409727,0.00634026684624873,0.005580257014257521
7,140,80,0.9,0.45,0.001873035520579043,0.0014837852839124062,0.0016216883207789896,0.001659503041756813
7,120,130,0.5,0.1,0.0025674402243539706,0.002259091893088901,0.002639737108003658,0.0024887564084821764
7,190,160,0.65,0.35,0.0006605400293272484,0.0011959381491981873,0.001606628183687291,0.001154368787404242
7,180,90,0.25,0.15,0.002264112921455332,0.0014514267418814207,0.001960293295098071,0.0018919443194782748
7,180,80,0.1,0.35,0.0011052118563409194,0.0023483999376679833,0.0023211108582751007,0.0019249075507613343
7,20,60,0.25,0.45,0.005229477524440298,0.00810062443697611,0.005161861570818266,0.006163987844078224
7,10,180,0.6,0.3,0.009012989874400875,0.014371871863043473,0.010340702595270415,0.011241854777571588
7,110,190,0.75,0.25,0.0023885081797389777,0.0017339372974230147,0.0015749147970063775,0.0018991200913894568
7,130,190,0.4,0.3,0.0015721922447152926,0.0019315956168790111,0.002118561509344492,0.0018741164569795986
7,50,150,0.3,0.25,0.005454229108070386,0.004116850477868382,0.004351608405178287,0.004640895997039018
7,30,130,0.15,0.35,0.006096885419744546,0.0076254592735901135,0.00531810222357517,0.0063468156389699425
7,150,60,0.75,0.2,0.002161502157330445,0.0012394608744183803,0.001989753262245528,0.0017969054313314511
7,10,90,0.75,0.25,0.013988662160725347,0.0139068226828123,0.010543481399620662,0.012812988747719438
7,140,100,0.45,0.5,0.0018603707464883038,0.001851964479290647,0.0021158109834816937,0.0019427154030868816
7,80,130,0.25,0.35,0.0036028698045965243,0.0038908985778814335,0.004575759503031423,0.004023175961836461
7,180,170,0.2,0.25,0.0019454815539549886,0.0018096774034696984,0.001786530180383661,0.0018472297126027827
7,110,80,0.25,0.5,0.0026411511030682553,0.0018645768110340522,0.0020370610718792996,0.002180929661993869
7,70,140,0.85,0.1,0.0051118807408430484,0.005100501720212368,0.002748445517433797,0.004320275992829738
7,20,30,0.45,0.15,0.010014260555618007,0.006715305200196665,0.008084907023872042,0.008271490926562238
7,20,170,0.8,0.5,0.007066140031810059,0.008606769763560328,0.007457825283583479,0.007710245026317955
7,130,10,0.1,0.5,0.002916899721897394,0.001981422231650968,0.002491181584030282,0.0024631678458595483
7,130,60,0.7,0.45,0.002513800684249116,0.001439858606834753,0.002106891845986666,0.002020183712356845
7,30,130,0.35,0.35,0.00806118566197571,0.00503697067930546,0.00551225909025959,0.006203471810513586
7,120,150,0.3,0.15,0.0027231797270939827,0.00270990011128714,0.002421482854233577,0.0026181875642049004
7,10,70,0.6,0.1,0.009330148195556194,0.01452673321478641,0.009784281903401387,0.01121372110458133
7,10,160,0.4,0.25,0.009477478278353614,0.013842312481108676,0.012961065723195718,0.012093618827552671
7,150,30,0.75,0.5,0.001405610891426258,0.002028377663374774,0.0022996015257549817,0.001911196693518671
7,150,120,0.9,0.35,0.002308427600670167,0.0019631340105511013,0.002173678482364542,0.0021484133645286035
7,50,80,0.5,0.35,0.002756614653340026,0.0039832068239906565,0.003631975713426835,0.0034572657302525053
7,140,190,0.8,0.2,0.0025665168187018307,0.0018787735180891326,0.0026842952035844897,0.0023765285134584846
7,50,140,0.15,0.35,0.003695798372077427,0.005251404621734126,0.004802222658828561,0.004583141884213372
7,170,180,0.25,0.3,0.001136125538256174,0.0013923758018724796,0.0025598109782518264,0.0016961041061268264
7,120,130,0.8,0.3,0.0020049453376983473,0.0023330280851984802,0.0022440499591146125,0.002194007794003813
7,130,130,0.45,0.35,0.0022254424524701844,0.002547736202745645,0.0026198295977984385,0.002464336084338089
7,80,120,0.8,0.5,0.0029224565676701504,0.002808982752838109,0.00317011707937043,0.0029671854666262296
7,110,30,0.25,0.1,0.004036003583391829,0.0029821771043869534,0.002898392852875557,0.0033055245135514464
7,40,120,0.75,0.3,0.00424300188774074,0.006175250960096752,0.00549148184158997,0.00530324489647582
7,80,20,0.65,0.5,0.002799189297852982,0.002502235860744538,0.003559371310918829,0.002953598823172116
7,120,60,0.55,0.3,0.0024487019854554887,0.0013233708626779741,0.0027969937295363933,0.0021896888592232854
7,20,120,0.65,0.15,0.00870369547612738,0.009111228409988462,0.009245706650059702,0.009020210178725181
7,160,30,0.2,0.1,0.001574560543326322,0.0021243577257877865,0.002444759845025044,0.002047892704713051
7,120,140,0.25,0.3,0.00200572357349674,0.0019070217951637207,0.0024050902230377,0.0021059451972327207
7,140,160,0.2,0.3,0.0017280106644389287,0.002210596629503821,0.002039698210003242,0.0019927685013153306
7,150,50,0.65,0.2,0.0023972888552903386,0.0020713106480256954,0.0019199792841846988,0.0021295262625002443
7,160,160,0.55,0.3,0.0022580116244113563,0.0018865062232300736,0.0021722802804327074,0.0021055993760247123
7,30,100,0.2,0.3,0.004672190552575219,0.0057554770593681425,0.006793105294134983,0.0057402576353594486
7,10,40,0.6,0.5,0.012649799456039968,0.011882592253940902,0.01353774275971207,0.012690044823230981
7,180,90,0.75,0.35,0.0021565847364772533,0.001690971965971358,0.0016888714653305098,0.0018454760559263735
7,60,40,0.9,0.5,0.0035843036199655507,0.004278273568185641,0.00391682814108034,0.003926468443077177
7,90,150,0.25,0.1,0.004654617059230675,0.003631049465605707,0.0028194248860495823,0.0037016971369619876
7,50,140,0.4,0.2,0.006858672519737036,0.003550409897275434,0.0030625377522371694,0.004490540056416546
7,100,170,0.4,0.5,0.002383435825534107,0.003089568744350358,0.003110305877667629,0.0028611034825173644
7,150,140,0.55,0.35,0.001673919419166708,0.002259490939936699,0.001739676623479119,0.0018910289941941752
7,80,70,0.7,0.4,0.003787984667007288,0.0036268822369672307,0.004956623080613306,0.004123829994862608
7,190,40,0.25,0.1,0.0021389769235219047,0.00172183118184804,0.001740741188518271,0.0018671830979627385
7,70,170,0.65,0.4,0.003272715092023363,0.0035821283025232633,0.004320899350909925,0.0037252475818188506
7,160,60,0.5,0.5,0.001994923620503104,0.0019012726519550887,0.0033416995064901654,0.0024126319263161194
7,20,170,0.7,0.1,0.004487586303063796,0.008171166748486572,0.007884949955897265,0.0068479010024825445
7,170,100,0.2,0.25,0.001787529800870414,0.0021974780730913547,0.0014342494607078057,0.0018064191115565247
7,60,140,0.7,0.35,0.004458410576045215,0.003007605460230531,0.003148172289531691,0.003538062775269146
7,120,70,0.45,0.3,0.002711925647022702,0.0024733786864528247,0.0014047366928425368,0.0021966803421060214
7,120,180,0.2,0.4,0.0014136078536833966,0.0027721688844345306,0.002065268790683857,0.002083681842933928
7,110,80,0.5,0.15,0.002395583689885647,0.0029799667917675783,0.002873389718209186,0.0027496467332874704
7,120,190,0.65,0.35,0.0027918703713748385,0.00221798291961799,0.001133400595697017,0.002047751295563282
7,30,100,0.8,0.15,0.0037037929871800474,0.007014102052374582,0.005855598422623998,0.005524497820726209
7,120,30,0.4,0.1,0.0035173849728063404,0.00211657510484835,0.0023245120771594762,0.002652824051604722
7,40,150,0.55,0.25,0.00409381695125495,0.004073237896391622,0.0034139695808191738,0.0038603414761552482
7,60,120,0.4,0.5,0.003878733924706537,0.0043956158702182285,0.0038640160557443866,0.00404612195022305
7,180,40,0.6,0.35,0.0013912165705583792,0.0017198620801093252,0.0020617198883707165,0.0017242661796794737
7,40,120,0.8,0.45,0.0039455645067669924,0.005319578811017302,0.004424991809089382,0.004563378375624559
7,90,140,0.85,0.15,0.0027704552007343833,0.0028591604864053152,0.002146514297732633,0.002592043328290777
7,100,170,0.9,0.3,0.0026138154526720602,0.0033635338235102454,0.002179365455595744,0.0027189049105926836
7,150,30,0.6,0.2,0.0021515806182294027,0.0018882348337447927,0.0018798408380017477,0.0019732187633253145
7,140,20,0.35,0.15,0.001624962947146151,0.0025345123276739614,0.001997483193725424,0.0020523194895151788
7,180,90,0.5,0.35,0.0009128256794346198,0.0016533261607285287,0.001716419885484227,0.001427523908549125
7,60,150,0.6,0.25,0.0032258706874298136,0.003687742706949889,0.0044270316910834,0.0037802150284877013
7,20,100,0.55,0.15,0.007355437026707236,0.009106145855650434,0.008440612117077867,0.008300731666478512
7,20,190,0.35,0.25,0.009110115498956807,0.006159228473657125,0.007672824991065095,0.007647389654559676
7,10,110,0.3,0.35,0.011438709528926934,0.010489473783054851,0.007752541814354188,0.009893575042111991
7,150,190,0.4,0.5,0.002399960376545441,0.002440089815550196,0.002218072356905828,0.0023527075163338215
7,10,130,0.75,0.4,0.00913433249391271,0.008801333671610647,0.00999670440457274,0.009310790190032031
7,170,190,0.45,0.1,0.0014496342504004929,0.0016088072380287196,0.003127413737696237,0.0020619517420418162
7,160,90,0.8,0.1,0.0022145522265513656,0.0018085739587915368,0.0018948492567544663,0.001972658480699123
7,190,60,0.35,0.4,0.0016649689412163845,0.0015908717214782374,0.0015605374052532503,0.0016054593559826239
7,110,180,0.7,0.2,0.0029430758417154186,0.002292862697747203,0.00241889591526722,0.0025516114849099473
7,110,90,0.9,0.2,0.0031580265187433738,0.0022000980117345315,0.00214606254914225,0.002501395693206718
7,110,100,0.8,0.4,0.0030034951459319186,0.002789475459278026,0.0027208451807051305,0.0028379385953050252
7,110,110,0.1,0.1,0.0034851831117156174,0.0038425781063945934,0.003090221490185716,0.003472660902765309
7,170,60,0.45,0.25,0.0031516572986536547,0.0011641682778765062,0.0012669476847920168,0.0018609244204407258
7,150,30,0.6,0.35,0.0017053645040935636,0.0017160320223999499,0.0021188932020621922,0.001846763242851902
7,120,170,0.5,0.35,0.0014975010268686278,0.00115260564254194,0.0018805550783210603,0.0015102205825772094
7,50,110,0.4,0.3,0.004918937823982109,0.003836064542410999,0.0034200636018923915,0.004058355322761833
7,130,120,0.2,0.45,0.0025260469486798544,0.0025983194156241653,0.0021039698778965886,0.0024094454140668694
7,120,30,0.15,0.4,0.0020327375030745735,0.0019650056881603557,0.0013761129596098363,0.0017912853836149218
7,20,180,0.9,0.15,0.00928819661394401,0.009508476597038658,0.00778023234595278,0.008858968518978482
7,20,120,0.25,0.3,0.00669435490078361,0.01075609678486223,0.009084487515283372,0.008844979733643071
7,150,150,0.3,0.25,0.0026358914465156305,0.0021879398868138336,0.0018689025277209227,0.0022309112870167957
7,160,10,0.3,0.4,0.0016442511765763594,0.0021276710168252537,0.001961494220553261,0.0019111388046516246
7,100,110,0.7,0.1,0.0025431350824010788,0.002904432257625839,0.002653451996728396,0.002700339778918438
7,80,120,0.3,0.25,0.0026837506496675432,0.0036231911565824926,0.0022377125170137823,0.0028482181077546056
7,80,90,0.75,0.2,0.002492171990525044,0.003758106023305911,0.004590762606633221,0.0036136802068213922
7,60,20,0.4,0.25,0.0043940289194786914,0.0031971348303355663,0.00327390530827816,0.003621689686030806
7,90,80,0.9,0.15,0.002711519430390413,0.0027627555489000226,0.004444706874097794,0.003306327284462743
7,150,60,0.6,0.35,0.0014809273995218663,0.0020585390831597394,0.0018145016465508856,0.001784656043077497
7,130,90,0.75,0.4,0.0029851777526521623,0.0016477202155177452,0.0023436244485392373,0.0023255074722363816
7,30,110,0.35,0.45,0.00593713970206433,0.006498605204792918,0.006625913473754382,0.006353886126870542
7,140,140,0.15,0.35,0.0020139414870223586,0.002017795181598197,0.0016523849489123155,0.0018947072058442904
7,10,80,0.55,0.15,0.013846841741407446,0.012670917569955564,0.013518915506002325,0.013345558272455113
7,170,110,0.8,0.2,0.0013812581610719602,0.0015756753620175161,0.001768044509367635,0.0015749926774857037
8,110,170,0.6,0.3,0.001442665587211,0.0009487450054020368,0.0006052796918980273,0.000998896761503688
8,170,140,0.85,0.45,0.0007145398968267916,0.00048406227329047765,0.00040843578881369705,0.0005356793196436555
8,10,80,0.1,0.1,0.007183555841614843,0.008799276747347486,0.005935110052001888,0.007305980880321406
8,40,150,0.5,0.3,0.0034852003498798056,0.00273492135025238,0.0029381809872908735,0.003052767562474353
8,120,170,0.3,0.5,0.0007029537683835075,0.0008739772355380887,0.0012988885840320543,0.0009586065293178836
8,90,130,0.8,0.2,0.0008861834889912052,0.0018435397520183347,0.001351208364275386,0.0013603105350949753
8,90,130,0.3,0.2,0.001270824253401368,0.0013541599857460802,0.001537320883961254,0.0013874350410362339
8,10,170,0.6,0.25,0.006884023500307278,0.006534755004707761,0.009656479683343837,0.0076917527294529595
8,100,50,0.2,0.25,0.0018917211698666772,0.001345268114731801,0.0011547074151174942,0.0014638988999053245
8,160,180,0.45,0.15,0.0011333867274243242,0.000771369923372695,0.0004869748574085648,0.0007972438360685281
8,60,30,0.75,0.1,0.002496601880843244,0.0030588011617769468,0.002892938720677876,0.0028161139210993555
8,130,150,0.3,0.45,0.0011645454889324968,0.001163540391758034,0.0009269083619877377,0.001084998080892756
8,90,170,0.15,0.2,0.001171520315571601,0.001944085730183092,0.0011028761588854036,0.0014061607348800325
8,150,170,0.5,0.15,0.0011013695490407801,0.0006209360181695575,0.000847294227232539,0.0008565332648142922
8,130,10,0.1,0.3,0.0012711616073242096,0.0018951211843182087,0.0009885661970829094,0.0013849496629084427
8,50,90,0.4,0.1,0.002077416506740202,0.003426318322661386,0.003653340166427907,0.0030523583319431655
8,150,150,0.45,0.45,0.0009024718320329735,0.0005673698184931969,0.00016407145596589051,0.0005446377021640203
8,140,130,0.45,0.3,0.0007099704638996243,0.0006008199379878024,0.0004962451400330748,0.0006023451806401671
8,180,100,0.55,0.1,0.0007295151965565024,0.0007426742200524331,0.0008699844666748269,0.0007807246277612541
8,140,90,0.2,0.35,0.0005524652405539002,0.0005622394078809609,0.00043858917145278705,0.000517764606629216
8,180,20,0.85,0.3,0.00043707268827391203,0.0003855488734752488,0.0005561687469962798,0.0004595967695818135
8,190,90,0.8,0.45,0.0008451104510631838,0.0006704651989794821,0.0006367474389864301,0.0007174410296763653
8,20,30,0.7,0.4,0.004728159525002356,0.004866735936714706,0.003767067040330798,0.004453987500682621
8,20,190,0.7,0.15,0.00453274139908346,0.006393378650731494,0.004340835226722705,0.00508898509217922
8,120,140,0.5,0.15,0.0009779406475233792,0.0005587387871671529,0.0010496139103209773,0.0008620977816705031
8,60,180,0.8,0.45,0.0018911606418664795,0.001737563272272551,0.0020127368778243837,0.0018804869306544715
8,130,60,0.8,0.25,0.0011644723361638838,0.0005423851415422837,0.0005719216015581277,0.0007595930264214318
8,20,50,0.2,0.2,0.0038298048592161644,0.0048299080420316585,0.006271248605713067,0.004976987168986963
8,170,80,0.8,0.45,0.0008216244130739439,0.0008950873550985231,0.0005019790763898107,0.0007395636148540926
8,70,120,0.1,0.2,0.0020501497067569323,0.001695861800818526,0.00201734294704222,0.0019211181515392261
8,20,90,0.25,0.5,0.0034961287144891925,0.0033635320055612826,0.004570970496056449,0.0038102104053689746
8,10,10,0.85,0.25,0.01016086431970979,0.0077689345507321195,0.01019840862865382,0.009376069166365244
8,120,70,0.8,0.15,0.0009413464389899213,0.0007776975352177667,0.0009076279333678182,0.0008755573025251688
8,80,20,0.5,0.35,0.001298006013902674,0.0013845716603149048,0.0005261093630578585,0.001069562345758479
8,170,70,0.1,0.45,0.00041259304937117495,0.00040771127403990026,0.0006331887647090246,0.0004844976960400333
8,110,20,0.6,0.45,0.0013031198400640194,0.0004784039003065155,0.0013410270234580257,0.0010408502546095202
8,180,120,0.35,0.35,0.00030902949916254815,0.0005670948557615067,0.0004817502201673783,0.000452624858363811
8,140,10,0.65,0.25,0.0012704878778515918,0.001025143549869936,0.0015740319339950317,0.001289887787238853
8,180,50,0.4,0.1,0.000811283272535592,0.0008404727470635104,0.0008009388556265392,0.0008175649584085472
8,40,120,0.75,0.3,0.0025699006057143016,0.002729478095792794,0.0025007525612403495,0.0026000437542491486
8,190,120,0.5,0.35,0.0007281172789106343,0.0003544283326073865,0.0005924274344917494,0.0005583243486699234
8,20,120,0.75,0.4,0.005712025205646867,0.006119916855917852,0.0042635263157507755,0.005365156125771831
8,20,130,0.35,0.2,0.0043200971396688045,0.004295608618971252,0.005062084785625858,0.004559263514755305
8,80,120,0.6,0.15,0.0009326784163462781,0.0017918742440798953,0.0018591439135907028,0.0015278988580056255
8,80,190,0.9,0.15,0.00182689408738305,0.00198033163948172,0.0011447145444641212,0.0016506467571096304
8,120,50,0.35,0.35,0.0010478795242699094,0.0008288221051541052,0.0010406797258843783,0.0009724604517694644
8,30,70,0.55,0.25,0.00337769421125598,0.0036754600083875695,0.004462431622418479,0.003838528614020676
8,40,130,0.7,0.5,0.0027835499015435618,0.0028797981355010225,0.0036552929335082127,0.0031062136568509326
8,140,10,0.55,0.45,0.0012525822403323208,0.0005773033505871929,0.0002576559805709713,0.0006958471904968284
8,110,140,0.85,0.4,0.0014982565262128252,0.0013464018833130868,0.0010501428393430707,0.0012982670829563277
8,120,180,0.45,0.2,0.0010234232866931205,0.0014752258083677349,0.0017147097262211835,0.0014044529404273465
8,170,90,0.1,0.15,0.0006185308435393019,0.0006902110880894056,0.0011400553741390323,0.0008162657685892467
8,150,130,0.5,0.25,0.0006553207313487492,0.0010742684291925996,0.0011697344308892383,0.0009664411971435291
8,130,120,0.3,0.3,0.0007153153633308051,0.0010119260207514063,0.0008336214968291508,0.0008536209603037874
8,150,120,0.2,0.15,0.0007009803333879321,0.0006151195235892888,0.0008073195769979288,0.0007078064779917166
8,20,180,0.25,0.1,0.005312941367696632,0.005637663083195166,0.008056631943313292,0.006335745464735029
8,110,40,0.5,0.3,0.0005837146161289609,0.002011227591862674,0.0007584665776125954,0.0011178029285347434
8,120,80,0.5,0.15,0.0011180914385028667,0.0010330973495211388,0.0007053826740254247,0.0009521904873498101
8,150,160,0.75,0.3,0.000604539583729833,0.0005587695426781586,0.0005517297670409069,0.0005716796311496328
8,190,50,0.2,0.4,0.0008051393203859464,0.000846242339940918,0.0005226562389680218,0.0007246792997649621